YEAR,PRIMARY_SAMPLE_UNIT,SUBREGION_NR,ZONE_NR,DEPTH_CLASS,RUGOSITY_CLASS,HABITAT_CD,PROT,STRAT,NEW_STRAT,LAT_DEGREES,LON_DEGREES,n_recs,survey_type,analysis_group
2022,1002,8,1,D1,R1,ISOL_LR,1,S01,S01,24.61458,-81.39116,295,NCRMP,NCRMP_OMIT
2022,1004,9,1,D1,R1,CONT_LR,0,S01,S01,24.69326,-81.03875,312,NCRMP,NCRMP_OMIT
2022,1005,9,1,D1,R1,ISOL_LR,0,S01,S01,24.69657,-81.05188,339,NCRMP,NCRMP_OMIT
2022,1006,10,1,D1,R1,ISOL_LR,0,S01,S01,24.9495,-80.55454,258,NCRMP,NCRMP_OMIT
2022,1010,12,1,D1,R1,ISOL_LR,0,S01,S01,25.73747,-80.11803,276,NCRMP,NCRMP_OMIT
2022,1011,12,1,D1,R2,CONT_MR,0,S01,S01,25.7347,-80.11502,319,NCRMP,NCRMP_OMIT
2022,1365,12,1,D2,R4,SPGR_HR,0,S01,S01,25.47897,-80.1704,381,NCRMP,NCRMP_OMIT
2022,1367,8,1,D1,R1,ISOL_LR,1,S01,S01,24.6145,-81.39107,319,NCRMP,NCRMP_OMIT
2022,1368,8,1,D1,R1,ISOL_LR,1,S01,S01,24.6159,-81.38859,279,NCRMP,NCRMP_OMIT
2022,1369,8,1,D1,R4,ISOL_HR,1,S01,S01,24.55046,-81.70069,357,NCRMP,NCRMP_OMIT
2022,1490,12,1,D1,R4,ISOL_HR,0,S01,S01,25.50076,-80.14001,350,NCRMP,NCRMP_OMIT
2022,1491,12,1,D1,R1,ISOL_LR,0,S01,S01,25.33362,-80.22516,256,NCRMP,NCRMP_OMIT
2022,1849,8,1,D1,R1,ISOL_LR,1,S01,S01,24.55269,-81.70299,285,NCRMP,NCRMP_OMIT
2022,1963,12,1,D1,R1,ISOL_LR,0,S01,S01,25.42079,-80.19176,267,NCRMP,NCRMP_OMIT
2022,8069,10,1,D1,R1,ISOL_LR,0,S01,S01,24.97671,-80.53794,254,NCRMP,NCRMP_OMIT
2022,8071,12,1,D1,R1,ISOL_LR,0,S01,S01,25.74996,-80.12381,275,NCRMP,NCRMP_OMIT
2022,1015,9,2,D1,R2,ISOL_MR,0,S02,S02,24.79807,-80.74122,331,NCRMP,NCRMP_OMIT
2022,1018,11,2,D1,R2,ISOL_MR,0,S02,S02,25.21321,-80.26231,298,NCRMP,NCRMP_OMIT
2022,1023,11,2,D1,R2,ISOL_MR,0,S02,S02,25.008,-80.43486,275,NCRMP,NCRMP_OMIT
2022,1025,12,2,D1,R1,ISOL_LR,0,S02,S02,25.72376,-80.10924,292,NCRMP,NCRMP_OMIT
2022,1039,9,2,D1,R2,ISOL_MR,0,S02,S02,24.66643,-81.07462,330,NCRMP,NCRMP_OMIT
2022,1072,9,2,D1,R2,ISOL_MR,0,S02,S02,24.73735,-80.89818,352,NCRMP,NCRMP_OMIT
2022,1077,10,2,D1,R1,ISOL_LR,0,S02,S02,24.90207,-80.61317,254,NCRMP,NCRMP_OMIT
2022,1372,10,2,D1,R1,ISOL_LR,1,S02,S02,24.93671,-80.54596,283,NCRMP,NCRMP_OMIT
2022,1373,8,2,D1,R1,CONT_LR,1,S02,S02,24.50606,-81.70966,316,NCRMP,NCRMP_OMIT
2022,1374,8,2,D1,R2,CONT_MR,1,S02,S02,24.50548,-81.7089,303,NCRMP,NCRMP_OMIT
2022,1497,10,2,D1,R1,ISOL_LR,0,S02,S02,24.94912,-80.538,267,NCRMP,NCRMP_OMIT
2022,1514,12,2,D1,R1,ISOL_LR,0,S02,S02,25.61355,-80.10755,291,NCRMP,NCRMP_OMIT
2022,1556,10,2,D1,R1,ISOL_LR,0,S02,S02,24.90235,-80.6206,252,NCRMP,NCRMP_OMIT
2022,1857,8,2,D1,R1,ISOL_LR,1,S02,S02,24.51488,-81.69585,291,NCRMP,NCRMP_OMIT
2022,1962,12,2,D1,R1,ISOL_LR,0,S02,S02,25.34742,-80.18853,261,NCRMP,NCRMP_OMIT
2022,1966,12,2,D1,R2,ISOL_MR,0,S02,S02,25.40713,-80.16156,368,NCRMP,NCRMP_OMIT
2022,1968,12,2,D1,R2,ISOL_MR,0,S02,S02,25.43267,-80.15148,304,NCRMP,NCRMP_OMIT
2022,1970,12,2,D1,R2,ISOL_MR,0,S02,S02,25.40859,-80.1591,305,NCRMP,NCRMP_OMIT
2022,1972,12,2,D1,R2,CONT_MR,0,S02,S02,25.42982,-80.14162,314,NCRMP,NCRMP_OMIT
2022,1974,12,2,D1,R2,ISOL_MR,0,S02,S02,25.3356,-80.17931,330,NCRMP,NCRMP_OMIT
2022,1978,12,2,D1,R2,ISOL_MR,0,S02,S02,25.43181,-80.13708,313,NCRMP,NCRMP_OMIT
2022,9003,8,1,D1,R3,ISOL_MR,1,S01,S03,24.61499,-81.39347,296,MIR,MIR_GRP
2022,1016,10,2,D1,R4,ISOL_HR,0,S03,S03,24.95192,-80.53704,347,NCRMP,NCRMP_GRP
2022,1020,11,2,D1,R4,ISOL_HR,0,S03,S03,25.13412,-80.31907,342,NCRMP,NCRMP_GRP
2022,1022,11,2,D1,R3,ISOL_MR,0,S03,S03,25.04408,-80.40655,344,NCRMP,NCRMP_GRP
2022,1026,12,2,D1,R3,ISOL_MR,0,S03,S03,25.36489,-80.18467,341,NCRMP,NCRMP_GRP
2022,1027,12,2,D1,R4,ISOL_HR,0,S03,S03,25.49281,-80.14075,310,NCRMP,NCRMP_GRP
2022,1028,12,2,D1,R3,ISOL_MR,0,S03,S03,25.3464,-80.16402,347,NCRMP,NCRMP_GRP
2022,1030,12,2,D1,R3,ISOL_MR,0,S03,S03,25.33797,-80.17795,324,NCRMP,NCRMP_GRP
2022,1031,12,2,D1,R4,ISOL_HR,0,S03,S03,25.39849,-80.16545,331,NCRMP,NCRMP_GRP
2022,1032,12,2,D1,R3,ISOL_MR,0,S03,S03,25.36669,-80.18864,381,NCRMP,NCRMP_GRP
2022,1033,12,2,D1,R3,ISOL_MR,0,S03,S03,25.36261,-80.16681,379,NCRMP,NCRMP_GRP
2022,1035,12,2,D1,R4,ISOL_HR,0,S03,S03,25.47087,-80.1377,361,NCRMP,NCRMP_GRP
2022,1037,8,2,D1,R4,ISOL_HR,0,S03,S03,24.57847,-81.43934,327,NCRMP,NCRMP_GRP
2022,1038,9,2,D1,R3,CONT_MR,0,S03,S03,24.72072,-80.92715,361,NCRMP,NCRMP_GRP
2022,1042,11,2,D1,R4,ISOL_HR,0,S03,S03,25.21498,-80.27951,344,NCRMP,NCRMP_GRP
2022,1043,11,2,D1,R4,ISOL_HR,0,S03,S03,25.02168,-80.44041,351,NCRMP,NCRMP_GRP
2022,1044,12,2,D1,R4,ISOL_HR,0,S03,S03,25.45385,-80.14375,356,NCRMP,NCRMP_GRP
2022,1045,12,2,D1,R4,ISOL_HR,0,S03,S03,25.5214,-80.13846,350,NCRMP,NCRMP_GRP
2022,1046,8,2,D1,R4,CONT_HR,0,S03,S03,24.54395,-81.56549,337,NCRMP,NCRMP_GRP
2022,1048,8,2,D1,R3,ISOL_MR,0,S03,S03,24.51329,-81.68066,293,NCRMP,NCRMP_GRP
2022,1050,8,2,D1,R4,ISOL_HR,0,S03,S03,24.59584,-81.39432,366,NCRMP,NCRMP_GRP
2022,1052,8,2,D1,R4,ISOL_HR,0,S03,S03,24.52915,-81.64928,336,NCRMP,NCRMP_GRP
2022,1053,8,2,D1,R4,ISOL_HR,0,S03,S03,24.53128,-81.63566,317,NCRMP,NCRMP_GRP
2022,1055,8,2,D1,R4,ISOL_HR,0,S03,S03,24.55509,-81.56663,319,NCRMP,NCRMP_GRP
2022,1056,8,2,D1,R4,ISOL_HR,0,S03,S03,24.59443,-81.36151,353,NCRMP,NCRMP_GRP
2022,1058,8,2,D1,R4,ISOL_HR,0,S03,S03,24.49549,-81.75633,317,NCRMP,NCRMP_GRP
2022,1060,8,2,D1,R4,CONT_HR,0,S03,S03,24.50477,-81.73753,348,NCRMP,NCRMP_GRP
2022,1063,8,2,D1,R4,CONT_HR,0,S03,S03,24.5775,-81.4438,346,NCRMP,NCRMP_GRP
2022,1066,8,2,D1,R3,CONT_MR,0,S03,S03,24.54132,-81.59522,320,NCRMP,NCRMP_GRP
2022,1068,8,2,D1,R4,ISOL_HR,0,S03,S03,24.50633,-81.73694,324,NCRMP,NCRMP_GRP
2022,1069,8,2,D1,R4,ISOL_HR,0,S03,S03,24.52756,-81.63862,348,NCRMP,NCRMP_GRP
2022,1073,9,2,D1,R3,ISOL_MR,0,S03,S03,24.70995,-80.93903,355,NCRMP,NCRMP_GRP
2022,1075,9,2,D1,R4,ISOL_HR,0,S03,S03,24.72604,-80.93313,340,NCRMP,NCRMP_GRP
2022,1078,11,2,D1,R3,ISOL_MR,0,S03,S03,25.2198,-80.25763,328,NCRMP,NCRMP_GRP
2022,1081,11,2,D1,R4,ISOL_HR,0,S03,S03,25.24029,-80.26796,307,NCRMP,NCRMP_GRP
2022,1083,12,2,D1,R4,ISOL_HR,0,S03,S03,25.41676,-80.16784,326,NCRMP,NCRMP_GRP
2022,1371,10,2,D1,R4,ISOL_HR,1,S03,S03,24.93279,-80.54947,361,NCRMP,NCRMP_GRP
2022,1375,10,2,D1,R4,ISOL_HR,1,S03,S03,24.93747,-80.54764,365,NCRMP,NCRMP_GRP
2022,1376,10,2,D1,R4,ISOL_HR,1,S03,S03,24.93409,-80.54923,312,NCRMP,NCRMP_GRP
2022,1379,10,2,D1,R4,ISOL_HR,1,S03,S03,24.90404,-80.61603,340,NCRMP,MIR_GRP
2022,1380,10,2,D1,R4,ISOL_HR,1,S03,S03,24.90369,-80.61624,354,NCRMP,MIR_GRP
2022,1381,8,2,D1,R4,ISOL_HR,1,S03,S03,24.51084,-81.70014,319,NCRMP,NCRMP_GRP
2022,1382,8,2,D1,R4,CONT_HR,1,S03,S03,24.51784,-81.69489,353,NCRMP,NCRMP_GRP
2022,1504,12,2,D1,R3,ISOL_MR,0,S03,S03,25.46018,-80.13397,331,NCRMP,NCRMP_GRP
2022,1505,12,2,D1,R4,ISOL_HR,0,S03,S03,25.38594,-80.1795,348,NCRMP,NCRMP_GRP
2022,1507,12,2,D1,R4,ISOL_HR,0,S03,S03,25.39468,-80.16409,368,NCRMP,NCRMP_GRP
2022,1508,12,2,D1,R4,ISOL_HR,0,S03,S03,25.45461,-80.14167,361,NCRMP,NCRMP_GRP
2022,1509,12,2,D1,R4,ISOL_HR,0,S03,S03,25.40844,-80.15138,353,NCRMP,NCRMP_GRP
2022,1511,12,2,D1,R3,ISOL_MR,0,S03,S03,25.40986,-80.17267,359,NCRMP,NCRMP_GRP
2022,1512,12,2,D1,R4,ISOL_HR,0,S03,S03,25.36643,-80.16686,396,NCRMP,NCRMP_GRP
2022,1513,12,2,D1,R4,ISOL_HR,0,S03,S03,25.34172,-80.17132,363,NCRMP,NCRMP_GRP
2022,1515,12,2,D1,R3,ISOL_MR,0,S03,S03,25.39176,-80.15421,352,NCRMP,NCRMP_GRP
2022,1520,10,2,D1,R4,ISOL_HR,0,S03,S03,24.90091,-80.61759,328,NCRMP,NCRMP_GRP
2022,1521,10,2,D1,R4,ISOL_HR,0,S03,S03,24.90029,-80.61704,328,NCRMP,MIR_GRP
2022,1523,11,2,D1,R3,ISOL_MR,0,S03,S03,25.04514,-80.39497,339,NCRMP,NCRMP_GRP
2022,1524,12,2,D1,R4,ISOL_HR,0,S03,S03,25.43844,-80.15532,327,NCRMP,NCRMP_GRP
2022,1525,12,2,D1,R4,ISOL_HR,0,S03,S03,25.36748,-80.16968,376,NCRMP,NCRMP_GRP
2022,1538,8,2,D1,R4,ISOL_HR,0,S03,S03,24.54328,-81.5666,312,NCRMP,NCRMP_GRP
2022,1541,8,2,D1,R4,ISOL_HR,0,S03,S03,24.481,-81.93072,283,NCRMP,NCRMP_GRP
2022,1544,8,2,D1,R4,ISOL_HR,0,S03,S03,24.54273,-81.56763,309,NCRMP,NCRMP_GRP
2022,1546,8,2,D1,R4,ISOL_HR,0,S03,S03,24.59263,-81.36556,311,NCRMP,NCRMP_GRP
2022,1558,11,2,D1,R4,ISOL_HR,0,S03,S03,25.0693,-80.37058,344,NCRMP,NCRMP_GRP
2022,1561,11,2,D1,R3,ISOL_MR,0,S03,S03,25.13436,-80.32926,338,NCRMP,NCRMP_GRP
2022,1563,12,2,D1,R4,ISOL_HR,0,S03,S03,25.45528,-80.15675,329,NCRMP,NCRMP_GRP
2022,1861,8,2,D1,R4,CONT_HR,1,S03,S03,24.52014,-81.71842,337,NCRMP,NCRMP_GRP
2022,1964,12,2,D1,R4,ISOL_HR,0,S03,S03,25.51917,-80.1222,340,NCRMP,NCRMP_GRP
2022,1965,12,2,D1,R3,CONT_MR,0,S03,S03,25.53685,-80.13299,349,NCRMP,NCRMP_GRP
2022,1969,12,2,D1,R4,ISOL_HR,0,S03,S03,25.52198,-80.13466,374,NCRMP,NCRMP_GRP
2022,1971,12,2,D1,R3,ISOL_MR,0,S03,S03,25.36558,-80.17103,344,NCRMP,NCRMP_GRP
2022,1973,12,2,D1,R3,ISOL_MR,0,S03,S03,25.48533,-80.12456,360,NCRMP,NCRMP_GRP
2022,1975,12,2,D1,R4,ISOL_HR,0,S03,S03,25.50269,-80.1279,376,NCRMP,NCRMP_GRP
2022,1976,12,2,D1,R4,ISOL_HR,0,S03,S03,25.44494,-80.14932,316,NCRMP,NCRMP_GRP
2022,1977,12,2,D1,R3,ISOL_MR,0,S03,S03,25.38333,-80.16786,338,NCRMP,NCRMP_GRP
2022,1979,12,2,D1,R3,ISOL_MR,0,S03,S03,25.36161,-80.17828,341,NCRMP,NCRMP_GRP
2022,1980,12,2,D1,R3,ISOL_MR,0,S03,S03,25.37101,-80.17457,333,NCRMP,NCRMP_GRP
2022,1981,12,2,D1,R3,ISOL_MR,0,S03,S03,25.42321,-80.14453,347,NCRMP,NCRMP_GRP
2022,1982,12,2,D1,R4,ISOL_HR,0,S03,S03,25.35,-80.18853,350,NCRMP,NCRMP_GRP
2022,1983,12,2,D1,R4,ISOL_HR,0,S03,S03,25.45477,-80.1457,349,NCRMP,NCRMP_GRP
2022,1984,12,2,D1,R4,ISOL_HR,0,S03,S03,25.38951,-80.15295,402,NCRMP,NCRMP_GRP
2022,1985,12,2,D1,R3,ISOL_MR,0,S03,S03,25.3696,-80.15404,416,NCRMP,NCRMP_GRP
2022,1986,12,2,D1,R4,ISOL_HR,0,S03,S03,25.40085,-80.16829,374,NCRMP,NCRMP_GRP
2022,1987,12,2,D1,R4,ISOL_HR,0,S03,S03,25.47448,-80.14738,300,NCRMP,NCRMP_GRP
2022,1988,12,2,D1,R3,ISOL_MR,0,S03,S03,25.48885,-80.14739,313,NCRMP,NCRMP_GRP
2022,9013,10,2,D1,R4,ISOL_HR,1,S03,S03,24.90357,-80.61605,318,MIR,MIR_GRP
2022,9018,10,2,D1,R4,ISOL_HR,0,S03,S03,24.89723,-80.62202,332,MIR,MIR_GRP
2022,9020,10,2,D1,R4,ISOL_HR,0,S03,S03,24.89815,-80.61774,331,MIR,MIR_GRP
2022,9112,10,2,D1,R4,ISOL_HR,1,S03,S03,24.90447,-80.61357,347,MIR,MIR_GRP
2022,9119,10,2,D1,R4,ISOL_HR,1,S03,S03,24.90403,-80.61852,334,MIR,MIR_GRP
2022,9122,10,2,D1,R4,ISOL_HR,1,S03,S03,24.90358,-80.61902,321,MIR,MIR_GRP
2022,9210,10,2,D1,R4,ISOL_HR,0,S03,S03,24.90355,-80.60961,344,MIR,NCRMP_GRP
2022,9211,10,2,D1,R4,ISOL_HR,0,S03,S03,24.90423,-80.60965,365,MIR,MIR_GRP
2022,9215,10,2,D1,R4,ISOL_HR,0,S03,S03,24.89819,-80.61919,358,MIR,MIR_GRP
2022,1024,12,3,D1,R2,ISOL_MR,0,S05,S05,25.36502,-80.15779,376,NCRMP,NCRMP_GRP
2022,1047,8,4,D1,R2,ISOL_MR,0,S05,S05,24.45856,-81.96056,302,NCRMP,NCRMP_GRP
2022,1084,8,4,D1,R1,ISOL_LR,0,S05,S05,24.55588,-81.43408,299,NCRMP,NCRMP_GRP
2022,1086,8,4,D1,R2,CONT_MR,0,S05,S05,24.4699,-81.79384,330,NCRMP,NCRMP_GRP
2022,1087,8,4,D1,R2,CONT_MR,0,S05,S05,24.52081,-81.59098,313,NCRMP,NCRMP_GRP
2022,1089,8,4,D1,R2,RUBB_MR,0,S05,S05,24.50689,-81.59154,318,NCRMP,NCRMP_GRP
2022,1095,8,4,D1,R2,CONT_MR,0,S05,S05,24.54847,-81.4527,292,NCRMP,NCRMP_GRP
2022,1101,9,4,D1,R2,CONT_MR,0,S05,S05,24.77001,-80.73616,361,NCRMP,NCRMP_GRP
2022,1105,9,4,D1,R1,CONT_LR,0,S05,S05,24.73356,-80.8132,288,NCRMP,NCRMP_GRP
2022,1113,9,4,D1,R2,CONT_MR,0,S05,S05,24.64624,-81.07033,341,NCRMP,NCRMP_GRP
2022,1114,9,4,D1,R1,CONT_LR,0,S05,S05,24.66481,-80.99293,337,NCRMP,NCRMP_GRP
2022,1115,9,4,D1,R2,CONT_MR,0,S05,S05,24.70612,-80.87983,367,NCRMP,NCRMP_GRP
2022,1118,10,4,D1,R2,ISOL_MR,0,S05,S05,24.86858,-80.59245,381,NCRMP,NCRMP_GRP
2022,1119,10,4,D1,R1,RUBB_LR,0,S05,S05,24.91252,-80.53851,317,NCRMP,NCRMP_GRP
2022,1122,10,4,D1,R2,ISOL_MR,0,S05,S05,24.88454,-80.59145,354,NCRMP,NCRMP_GRP
2022,1123,10,4,D1,R1,CONT_LR,0,S05,S05,24.81666,-80.6716,351,NCRMP,NCRMP_GRP
2022,1124,10,4,D1,R2,CONT_MR,0,S05,S05,24.93924,-80.48513,314,NCRMP,NCRMP_GRP
2022,1125,10,4,D1,R1,RUBB_LR,0,S05,S05,24.90073,-80.57045,266,NCRMP,NCRMP_GRP
2022,1126,10,4,D1,R1,CONT_LR,0,S05,S05,24.86615,-80.58682,299,NCRMP,NCRMP_GRP
2022,1127,11,3,D1,R2,ISOL_MR,0,S05,S05,24.98907,-80.42937,361,NCRMP,NCRMP_GRP
2022,1133,11,4,D1,R2,CONT_MR,0,S05,S05,25.07583,-80.32059,339,NCRMP,NCRMP_GRP
2022,1134,11,3,D1,R1,ISOL_LR,0,S05,S05,25.21336,-80.24725,334,NCRMP,NCRMP_GRP
2022,1135,11,4,D1,R2,CONT_MR,0,S05,S05,24.97172,-80.44758,355,NCRMP,NCRMP_GRP
2022,1137,11,4,D1,R1,CONT_LR,0,S05,S05,25.15548,-80.26904,276,NCRMP,NCRMP_GRP
2022,1140,11,3,D1,R2,CONT_MR,0,S05,S05,25.00006,-80.42231,355,NCRMP,NCRMP_GRP
2022,1141,11,3,D1,R1,ISOL_LR,0,S05,S05,25.03181,-80.38473,304,NCRMP,NCRMP_GRP
2022,1142,11,4,D1,R1,CONT_LR,0,S05,S05,24.99584,-80.40301,337,NCRMP,NCRMP_GRP
2022,1146,11,4,D1,R2,CONT_MR,0,S05,S05,25.07291,-80.31843,383,NCRMP,NCRMP_GRP
2022,1147,11,3,D1,R2,ISOL_MR,0,S05,S05,25.12241,-80.30805,320,NCRMP,NCRMP_GRP
2022,1148,11,4,D1,R1,RUBB_LR,0,S05,S05,25.13905,-80.26783,299,NCRMP,NCRMP_GRP
2022,1151,11,4,D1,R2,CONT_MR,0,S05,S05,25.12914,-80.28483,329,NCRMP,NCRMP_GRP
2022,1155,12,4,D1,R2,CONT_MR,0,S05,S05,25.33551,-80.15103,336,NCRMP,NCRMP_GRP
2022,1158,12,4,D1,R2,CONT_MR,0,S05,S05,25.3022,-80.16809,298,NCRMP,NCRMP_GRP
2022,1162,12,4,D1,R1,RUBB_LR,0,S05,S05,25.72854,-80.10325,320,NCRMP,NCRMP_GRP
2022,1163,12,4,D1,R2,CONT_MR,0,S05,S05,25.3623,-80.14537,387,NCRMP,NCRMP_GRP
2022,1165,8,4,D1,R2,CONT_MR,0,S05,S05,24.47361,-81.75839,294,NCRMP,NCRMP_GRP
2022,1166,8,4,D1,R2,CONT_MR,0,S05,S05,24.51023,-81.5676,310,NCRMP,NCRMP_GRP
2022,1168,8,4,D1,R1,CONT_LR,0,S05,S05,24.51019,-81.56821,310,NCRMP,NCRMP_GRP
2022,1170,8,4,D1,R2,CONT_MR,0,S05,S05,24.55312,-81.43715,325,NCRMP,NCRMP_GRP
2022,1178,11,3,D1,R2,ISOL_MR,0,S05,S05,25.04014,-80.3722,339,NCRMP,NCRMP_GRP
2022,1179,11,4,D1,R2,CONT_MR,0,S05,S05,25.09725,-80.33168,330,NCRMP,NCRMP_GRP
2022,1180,11,4,D1,R2,CONT_MR,0,S05,S05,25.10245,-80.2922,362,NCRMP,NCRMP_GRP
2022,1181,11,4,D1,R2,CONT_MR,0,S05,S05,25.2686,-80.18533,345,NCRMP,NCRMP_GRP
2022,1182,11,4,D1,R2,SPGR_MR,0,S05,S05,24.99945,-80.39771,334,NCRMP,NCRMP_GRP
2022,1192,8,4,D1,R1,CONT_LR,0,S05,S05,24.45432,-81.96619,326,NCRMP,NCRMP_GRP
2022,1197,8,4,D1,R1,ISOL_LR,0,S05,S05,24.45757,-81.86992,287,NCRMP,NCRMP_GRP
2022,1198,9,3,D1,R2,ISOL_MR,0,S05,S05,24.73451,-80.86615,353,NCRMP,NCRMP_GRP
2022,1204,11,4,D1,R2,CONT_MR,0,S05,S05,25.12996,-80.26861,328,NCRMP,NCRMP_GRP
2022,1253,8,4,D1,R2,CONT_MR,0,S05,S05,24.44938,-81.96877,316,NCRMP,NCRMP_GRP
2022,1266,8,4,D1,R1,CONT_LR,0,S05,S05,24.44837,-81.96797,322,NCRMP,NCRMP_GRP
2022,1281,9,4,D1,R2,SPGR_MR,0,S05,S05,24.61061,-81.15308,384,NCRMP,NCRMP_GRP
2022,1384,11,4,D1,R2,CONT_MR,1,S05,S05,25.20948,-80.21312,361,NCRMP,NCRMP_GRP
2022,1385,11,4,D1,R1,RUBB_LR,1,S05,S05,25.14933,-80.25639,296,NCRMP,NCRMP_GRP
2022,1386,11,4,D1,R2,RUBB_MR,1,S05,S05,25.14809,-80.25886,358,NCRMP,NCRMP_GRP
2022,1391,11,4,D1,R1,RUBB_LR,1,S05,S05,25.03808,-80.35078,265,NCRMP,NCRMP_GRP
2022,1393,11,4,D1,R1,RUBB_LR,1,S05,S05,25.01415,-80.37412,293,NCRMP,NCRMP_GRP
2022,1394,11,3,D1,R1,RUBB_LR,1,S05,S05,25.01361,-80.37889,320,NCRMP,NCRMP_GRP
2022,1396,10,4,D1,R2,CONT_MR,1,S05,S05,24.9525,-80.45724,330,NCRMP,NCRMP_GRP
2022,1398,10,4,D1,R2,SPGR_MR,1,S05,S05,24.92382,-80.50246,325,NCRMP,NCRMP_GRP
2022,1399,10,4,D1,R1,RUBB_LR,1,S05,S05,24.85009,-80.62093,305,NCRMP,NCRMP_GRP
2022,1400,10,4,D1,R2,RUBB_MR,1,S05,S05,24.8489,-80.62273,366,NCRMP,NCRMP_GRP
2022,1401,9,4,D1,R2,CONT_MR,1,S05,S05,24.76804,-80.74987,364,NCRMP,NCRMP_GRP
2022,1404,9,4,D1,R2,CONT_MR,1,S05,S05,24.68428,-80.96651,346,NCRMP,NCRMP_GRP
2022,1406,9,4,D1,R1,RUBB_LR,0,S05,S05,24.62818,-81.11384,302,NCRMP,NCRMP_GRP
2022,1407,8,4,D1,R1,RUBB_LR,1,S05,S05,24.55079,-81.40681,300,NCRMP,NCRMP_GRP
2022,1408,8,4,D1,R1,RUBB_LR,1,S05,S05,24.55059,-81.40654,291,NCRMP,NCRMP_GRP
2022,1411,8,4,D1,R1,RUBB_LR,1,S05,S05,24.49544,-81.66366,319,NCRMP,NCRMP_GRP
2022,1412,8,4,D1,R1,RUBB_LR,1,S05,S05,24.49538,-81.65909,289,NCRMP,NCRMP_GRP
2022,1428,10,4,D1,R2,CONT_MR,1,S05,S05,24.95243,-80.45776,330,NCRMP,NCRMP_GRP
2022,1429,10,4,D1,R2,SPGR_MR,1,S05,S05,24.92313,-80.50256,316,NCRMP,NCRMP_GRP
2022,1431,10,4,D1,R2,SPGR_MR,1,S05,S05,24.84765,-80.61862,346,NCRMP,NCRMP_GRP
2022,1432,10,4,D1,R2,SPGR_MR,1,S05,S05,24.84967,-80.61648,367,NCRMP,NCRMP_GRP
2022,1435,9,4,D1,R2,CONT_MR,1,S05,S05,24.62442,-81.11379,365,NCRMP,NCRMP_GRP
2022,1438,8,4,D1,R1,RUBB_LR,1,S05,S05,24.55229,-81.40246,298,NCRMP,NCRMP_GRP
2022,1449,8,4,D1,R1,CONT_LR,1,S05,S05,24.46251,-81.84336,317,NCRMP,NCRMP_GRP
2022,1450,8,4,D1,R1,CONT_LR,1,S05,S05,24.45605,-81.85473,323,NCRMP,NCRMP_GRP
2022,1454,11,4,D1,R2,CONT_MR,1,S05,S05,25.22446,-80.20575,361,NCRMP,NCRMP_GRP
2022,1464,11,4,D1,R2,CONT_MR,1,S05,S05,25.01418,-80.36835,337,NCRMP,NCRMP_GRP
2022,1564,8,4,D1,R2,CONT_MR,0,S05,S05,24.49472,-81.65105,318,NCRMP,NCRMP_GRP
2022,1575,8,3,D1,R2,SPGR_MR,0,S05,S05,24.49722,-81.65411,331,NCRMP,NCRMP_GRP
2022,1582,9,4,D1,R1,CONT_LR,0,S05,S05,24.69789,-80.91698,339,NCRMP,NCRMP_GRP
2022,1592,9,4,D1,R2,RUBB_MR,0,S05,S05,24.70316,-80.89488,363,NCRMP,NCRMP_GRP
2022,1598,10,4,D1,R1,RUBB_LR,0,S05,S05,24.91481,-80.53401,263,NCRMP,NCRMP_GRP
2022,1611,11,4,D1,R2,ISOL_MR,0,S05,S05,25.23453,-80.23297,327,NCRMP,NCRMP_GRP
2022,1622,11,3,D1,R1,CONT_LR,0,S05,S05,25.25368,-80.20247,359,NCRMP,NCRMP_GRP
2022,1623,11,4,D1,R2,ISOL_MR,0,S05,S05,25.18889,-80.26067,322,NCRMP,NCRMP_GRP
2022,1635,12,4,D1,R2,CONT_MR,0,S05,S05,25.41356,-80.12823,317,NCRMP,NCRMP_GRP
2022,1636,12,4,D1,R2,CONT_MR,0,S05,S05,25.50877,-80.11946,328,NCRMP,NCRMP_GRP
2022,1637,12,4,D1,R1,CONT_LR,0,S05,S05,25.47241,-80.11466,280,NCRMP,NCRMP_GRP
2022,1641,12,4,D1,R1,RUBB_LR,0,S05,S05,25.49111,-80.1128,297,NCRMP,NCRMP_GRP
2022,1642,12,4,D1,R2,CONT_MR,0,S05,S05,25.75421,-80.10215,360,NCRMP,NCRMP_GRP
2022,1665,12,4,D1,R1,CONT_LR,0,S05,S05,25.42166,-80.12821,313,NCRMP,NCRMP_GRP
2022,1913,9,4,D1,R2,CONT_MR,1,S05,S05,24.68507,-80.96478,320,NCRMP,NCRMP_GRP
2022,1992,12,4,D1,R2,CONT_MR,0,S05,S05,25.56055,-80.10029,309,NCRMP,NCRMP_GRP
2022,1993,12,4,D1,R1,CONT_LR,0,S05,S05,25.32639,-80.18742,307,NCRMP,NCRMP_GRP
2022,1994,12,4,D1,R2,ISOL_MR,0,S05,S05,25.55713,-80.1075,304,NCRMP,NCRMP_GRP
2022,1995,12,4,D1,R2,CONT_MR,0,S05,S05,25.46642,-80.11703,319,NCRMP,NCRMP_GRP
2022,1997,12,4,D1,R1,CONT_LR,0,S05,S05,25.5296,-80.10944,267,NCRMP,NCRMP_GRP
2022,1998,12,4,D1,R2,ISOL_MR,0,S05,S05,25.49908,-80.12192,347,NCRMP,NCRMP_GRP
2022,1999,12,3,D1,R2,ISOL_MR,0,S05,S05,25.4987,-80.11697,364,NCRMP,NCRMP_GRP
2022,8001,12,3,D1,R1,ISOL_LR,0,S05,S05,25.63553,-80.09942,323,NCRMP,NCRMP_GRP
2022,8002,12,4,D1,R1,RUBB_LR,0,S05,S05,25.39473,-80.1349,333,NCRMP,NCRMP_GRP
2022,8003,12,4,D1,R2,ISOL_MR,0,S05,S05,25.63543,-80.10225,364,NCRMP,NCRMP_GRP
2022,8004,12,4,D1,R1,RUBB_LR,0,S05,S05,25.40969,-80.13215,298,NCRMP,NCRMP_GRP
2022,8005,12,4,D1,R2,CONT_MR,0,S05,S05,25.32571,-80.18644,343,NCRMP,NCRMP_GRP
2022,8011,12,4,D1,R2,CONT_MR,0,S05,S05,25.46681,-80.1124,328,NCRMP,NCRMP_GRP
2022,8017,12,4,D1,R2,CONT_MR,0,S05,S05,25.47119,-80.11301,341,NCRMP,NCRMP_GRP
2022,8019,12,4,D1,R2,CONT_MR,0,S05,S05,25.52373,-80.10467,332,NCRMP,NCRMP_GRP
2022,9063,11,4,D1,R2,CONT_MR,1,S05,S05,25.21684,-80.217,299,MIR,MIR_GRP
2022,9068,8,4,D1,R2,SPGR_MR,1,S05,S05,24.54589,-81.40121,311,MIR,MIR_GRP
2022,9069,9,4,D1,R1,CONT_LR,1,S05,S05,24.6249,-81.11135,317,MIR,MIR_GRP
2022,9194,9,4,D1,R2,SPGR_MR,1,S05,S05,24.62538,-81.11042,337,MIR,MIR_GRP
2022,9255,8,4,D1,R2,CONT_MR,1,S05,S05,24.46007,-81.84243,312,MIR,MIR_GRP
2022,1036,8,3,D1,R4,ISOL_HR,0,S06,S06,24.50636,-81.67925,319,NCRMP,NCRMP_GRP
2022,1090,8,4,D1,R3,CONT_MR,0,S06,S06,24.48002,-81.78039,315,NCRMP,NCRMP_GRP
2022,1092,8,3,D1,R4,CONT_HR,1,S06,S06,24.56836,-81.38481,334,NCRMP,NCRMP_GRP
2022,1097,8,4,D1,R3,CONT_MR,0,S06,S06,24.52027,-81.59045,305,NCRMP,NCRMP_GRP
2022,1102,9,4,D1,R3,ISOL_MR,0,S06,S06,24.66648,-80.99583,355,NCRMP,NCRMP_GRP
2022,1107,9,4,D1,R4,CONT_HR,0,S06,S06,24.5898,-81.25087,377,NCRMP,NCRMP_GRP
2022,1110,9,4,D1,R3,CONT_MR,0,S06,S06,24.69979,-80.89632,348,NCRMP,NCRMP_GRP
2022,1117,10,4,D1,R3,ISOL_MR,0,S06,S06,24.94184,-80.50313,346,NCRMP,NCRMP_GRP
2022,1120,10,3,D1,R4,ISOL_HR,0,S06,S06,24.94334,-80.5036,325,NCRMP,NCRMP_GRP
2022,1121,10,4,D1,R3,CONT_MR,0,S06,S06,24.88568,-80.5855,358,NCRMP,NCRMP_GRP
2022,1128,11,4,D1,R3,CONT_MR,0,S06,S06,25.11521,-80.28519,391,NCRMP,NCRMP_GRP
2022,1129,11,3,D1,R4,ISOL_HR,0,S06,S06,25.24759,-80.21067,323,NCRMP,NCRMP_GRP
2022,1130,11,3,D1,R4,ISOL_HR,0,S06,S06,25.05964,-80.36034,346,NCRMP,NCRMP_GRP
2022,1131,11,3,D1,R3,ISOL_MR,0,S06,S06,25.23569,-80.24442,311,NCRMP,NCRMP_GRP
2022,1132,11,3,D1,R3,ISOL_MR,0,S06,S06,25.00956,-80.44196,340,NCRMP,NCRMP_GRP
2022,1136,11,4,D1,R3,CONT_MR,0,S06,S06,25.13091,-80.28629,339,NCRMP,NCRMP_GRP
2022,1138,11,3,D1,R4,CONT_HR,0,S06,S06,25.04208,-80.37166,339,NCRMP,NCRMP_GRP
2022,1144,11,4,D1,R4,CONT_HR,0,S06,S06,25.09651,-80.30045,327,NCRMP,NCRMP_GRP
2022,1149,11,3,D1,R4,ISOL_HR,0,S06,S06,25.23539,-80.22998,352,NCRMP,NCRMP_GRP
2022,1150,11,3,D1,R3,ISOL_MR,0,S06,S06,25.27127,-80.20167,335,NCRMP,NCRMP_GRP
2022,1152,11,3,D1,R4,ISOL_HR,0,S06,S06,25.17046,-80.25908,320,NCRMP,NCRMP_GRP
2022,1153,11,3,D1,R4,ISOL_HR,0,S06,S06,24.99324,-80.46076,360,NCRMP,NCRMP_GRP
2022,1154,12,3,D1,R4,ISOL_HR,0,S06,S06,25.30789,-80.19118,348,NCRMP,NCRMP_GRP
2022,1159,12,4,D1,R4,CONT_HR,0,S06,S06,25.43931,-80.12173,352,NCRMP,NCRMP_GRP
2022,1161,12,4,D1,R4,CONT_HR,0,S06,S06,25.4348,-80.12328,324,NCRMP,NCRMP_GRP
2022,1169,8,4,D1,R3,SPGR_MR,0,S06,S06,24.48423,-81.75437,318,NCRMP,NCRMP_GRP
2022,1172,9,3,D1,R4,ISOL_HR,0,S06,S06,24.69773,-80.96996,358,NCRMP,NCRMP_GRP
2022,1173,9,4,D1,R3,CONT_MR,0,S06,S06,24.58237,-81.26785,373,NCRMP,NCRMP_GRP
2022,1174,10,4,D1,R3,CONT_MR,0,S06,S06,24.93487,-80.4923,349,NCRMP,NCRMP_GRP
2022,1177,11,3,D1,R4,ISOL_HR,0,S06,S06,25.09891,-80.32096,402,NCRMP,NCRMP_GRP
2022,1183,11,4,D1,R4,SPGR_HR,0,S06,S06,25.25568,-80.19258,372,NCRMP,NCRMP_GRP
2022,1184,12,4,D1,R4,CONT_HR,0,S06,S06,25.52193,-80.10458,382,NCRMP,NCRMP_GRP
2022,1185,12,4,D1,R4,CONT_HR,0,S06,S06,25.56727,-80.10472,307,NCRMP,NCRMP_GRP
2022,1186,12,4,D1,R4,CONT_HR,0,S06,S06,25.35125,-80.15542,406,NCRMP,NCRMP_GRP
2022,1187,12,4,D1,R4,CONT_HR,0,S06,S06,25.6336,-80.09465,351,NCRMP,NCRMP_GRP
2022,1188,12,4,D1,R3,CONT_MR,0,S06,S06,25.6735,-80.09148,346,NCRMP,NCRMP_GRP
2022,1189,12,4,D1,R4,SPGR_HR,0,S06,S06,25.60398,-80.0937,323,NCRMP,NCRMP_GRP
2022,1190,12,4,D1,R4,CONT_HR,0,S06,S06,25.71133,-80.0872,373,NCRMP,NCRMP_GRP
2022,1191,12,4,D1,R4,SPGR_HR,0,S06,S06,25.3547,-80.14434,353,NCRMP,NCRMP_GRP
2022,1193,8,4,D1,R3,CONT_MR,0,S06,S06,24.45299,-81.94979,351,NCRMP,NCRMP_GRP
2022,1195,8,4,D1,R3,ISOL_MR,0,S06,S06,24.44867,-81.99632,332,NCRMP,NCRMP_GRP
2022,1196,8,3,D1,R3,ISOL_MR,0,S06,S06,24.46478,-81.8762,338,NCRMP,NCRMP_GRP
2022,1203,10,4,D1,R4,CONT_HR,0,S06,S06,24.93309,-80.49507,344,NCRMP,NCRMP_GRP
2022,1205,11,3,D1,R4,ISOL_HR,0,S06,S06,25.17951,-80.24944,340,NCRMP,NCRMP_GRP
2022,1206,12,4,D1,R3,SPGR_MR,0,S06,S06,25.29377,-80.17332,347,NCRMP,NCRMP_GRP
2022,1213,8,3,D1,R4,ISOL_HR,0,S06,S06,24.46547,-81.88019,431,NCRMP,NCRMP_GRP
2022,1231,8,4,D1,R3,SPGR_MR,0,S06,S06,24.53316,-81.4674,325,NCRMP,NCRMP_GRP
2022,1240,12,3,D1,R4,CONT_HR,0,S06,S06,25.35125,-80.15232,425,NCRMP,NCRMP_GRP
2022,1247,8,3,D1,R4,ISOL_HR,0,S06,S06,24.46419,-81.90593,314,NCRMP,NCRMP_GRP
2022,1272,9,4,D1,R4,SPGR_HR,0,S06,S06,24.6207,-81.12345,385,NCRMP,NCRMP_GRP
2022,1280,9,4,D1,R4,CONT_HR,0,S06,S06,24.75308,-80.76051,397,NCRMP,NCRMP_GRP
2022,1383,11,4,D1,R4,CONT_HR,1,S06,S06,25.23139,-80.21105,399,NCRMP,NCRMP_GRP
2022,1387,11,3,D1,R4,SPGR_HR,1,S06,S06,25.12487,-80.2978,352,NCRMP,NCRMP_GRP
2022,1388,11,3,D1,R4,ISOL_HR,1,S06,S06,25.12554,-80.29878,371,NCRMP,NCRMP_GRP
2022,1389,11,3,D1,R4,SPGR_HR,1,S06,S06,25.11101,-80.30335,329,NCRMP,NCRMP_GRP
2022,1390,11,4,D1,R3,ISOL_MR,1,S06,S06,25.11387,-80.30698,331,NCRMP,NCRMP_GRP
2022,1392,11,4,D1,R4,ISOL_HR,1,S06,S06,25.03544,-80.35284,353,NCRMP,NCRMP_GRP
2022,1395,10,4,D1,R3,CONT_MR,1,S06,S06,24.95257,-80.45764,358,NCRMP,NCRMP_GRP
2022,1397,10,4,D1,R4,CONT_HR,1,S06,S06,24.92104,-80.50684,373,NCRMP,NCRMP_GRP
2022,1402,9,4,D1,R3,CONT_MR,1,S06,S06,24.76717,-80.75143,361,NCRMP,NCRMP_GRP
2022,1403,9,4,D1,R4,CONT_HR,1,S06,S06,24.68466,-80.96582,392,NCRMP,NCRMP_GRP
2022,1405,9,4,D1,R4,SPGR_HR,1,S06,S06,24.62538,-81.11225,438,NCRMP,MIR_GRP
2022,1409,8,4,D1,R3,ISOL_MR,1,S06,S06,24.56762,-81.38931,342,NCRMP,NCRMP_GRP
2022,1410,8,3,D1,R4,ISOL_HR,1,S06,S06,24.56633,-81.39345,355,NCRMP,NCRMP_GRP
2022,1413,8,3,D1,R4,ISOL_HR,1,S06,S06,24.49867,-81.69688,333,NCRMP,NCRMP_GRP
2022,1415,11,4,D1,R4,ISOL_HR,1,S06,S06,25.21439,-80.21659,369,NCRMP,MIR_GRP
2022,1416,11,4,D1,R4,SPGR_HR,1,S06,S06,25.22827,-80.20374,344,NCRMP,MIR_GRP
2022,1417,11,4,D1,R4,SPGR_HR,1,S06,S06,25.1416,-80.25866,375,NCRMP,NCRMP_GRP
2022,1418,11,4,D1,R4,CONT_HR,1,S06,S06,25.14203,-80.25741,369,NCRMP,NCRMP_GRP
2022,1419,11,3,D1,R4,ISOL_HR,1,S06,S06,25.12304,-80.29879,347,NCRMP,NCRMP_GRP
2022,1420,11,3,D1,R4,ISOL_HR,1,S06,S06,25.12305,-80.29903,349,NCRMP,NCRMP_GRP
2022,1421,11,3,D1,R4,ISOL_HR,1,S06,S06,25.10766,-80.30513,364,NCRMP,NCRMP_GRP
2022,1422,11,4,D1,R4,CONT_HR,1,S06,S06,25.10661,-80.30542,351,NCRMP,NCRMP_GRP
2022,1423,11,4,D1,R4,SPGR_HR,1,S06,S06,25.034,-80.34864,350,NCRMP,NCRMP_GRP
2022,1424,11,4,D1,R4,SPGR_HR,1,S06,S06,25.03603,-80.34733,385,NCRMP,NCRMP_GRP
2022,1425,11,4,D1,R4,CONT_HR,1,S06,S06,25.01259,-80.37039,425,NCRMP,NCRMP_GRP
2022,1426,11,4,D1,R4,SPGR_HR,1,S06,S06,25.00872,-80.37653,370,NCRMP,NCRMP_GRP
2022,1427,10,4,D1,R3,CONT_MR,1,S06,S06,24.95767,-80.4577,322,NCRMP,NCRMP_GRP
2022,1430,10,4,D1,R3,CONT_MR,1,S06,S06,24.92389,-80.50486,337,NCRMP,NCRMP_GRP
2022,1434,9,4,D1,R4,CONT_HR,1,S06,S06,24.68176,-80.97302,432,NCRMP,NCRMP_GRP
2022,1436,9,4,D1,R4,SPGR_HR,1,S06,S06,24.62554,-81.11239,455,NCRMP,MIR_GRP
2022,1437,8,4,D1,R4,SPGR_HR,1,S06,S06,24.54625,-81.40257,359,NCRMP,MIR_GRP
2022,1439,8,3,D1,R4,ISOL_HR,1,S06,S06,24.56704,-81.39292,340,NCRMP,NCRMP_GRP
2022,1440,8,3,D1,R4,CONT_HR,1,S06,S06,24.56533,-81.3928,331,NCRMP,NCRMP_GRP
2022,1442,8,4,D1,R3,SPGR_MR,1,S06,S06,24.49035,-81.66513,330,NCRMP,NCRMP_GRP
2022,1443,8,3,D1,R3,CONT_MR,1,S06,S06,24.49873,-81.69563,328,NCRMP,NCRMP_GRP
2022,1444,8,3,D1,R4,ISOL_HR,1,S06,S06,24.50002,-81.69438,345,NCRMP,NCRMP_GRP
2022,1445,11,4,D1,R4,ISOL_HR,1,S06,S06,25.21197,-80.22402,401,NCRMP,NCRMP_GRP
2022,1447,8,4,D1,R4,SPGR_HR,1,S06,S06,24.47774,-81.72349,349,NCRMP,NCRMP_GRP
2022,1448,8,4,D1,R3,CONT_MR,1,S06,S06,24.46237,-81.83943,385,NCRMP,MIR_GRP
2022,1452,8,4,D1,R3,ISOL_MR,1,S06,S06,24.45422,-81.87408,303,NCRMP,NCRMP_GRP
2022,1459,8,4,D1,R4,SPGR_HR,1,S06,S06,24.54424,-81.4089,329,NCRMP,MIR_GRP
2022,1460,8,3,D1,R4,ISOL_HR,1,S06,S06,24.49285,-81.71387,367,NCRMP,NCRMP_GRP
2022,1461,8,3,D1,R4,CONT_HR,1,S06,S06,24.49522,-81.70281,341,NCRMP,NCRMP_GRP
2022,1463,11,4,D1,R4,SPGR_HR,1,S06,S06,25.03447,-80.34779,361,NCRMP,NCRMP_GRP
2022,1492,8,3,D1,R4,ISOL_HR,0,S06,S06,24.48579,-81.85157,402,NCRMP,NCRMP_GRP
2022,1577,8,4,D1,R3,CONT_MR,0,S06,S06,24.49753,-81.65839,357,NCRMP,NCRMP_GRP
2022,1639,12,4,D1,R3,CONT_MR,0,S06,S06,25.58158,-80.10164,295,NCRMP,NCRMP_GRP
2022,1640,12,4,D1,R3,ISOL_MR,0,S06,S06,25.53105,-80.11257,330,NCRMP,NCRMP_GRP
2022,1643,12,4,D1,R3,ISOL_MR,0,S06,S06,25.59723,-80.1005,319,NCRMP,NCRMP_GRP
2022,1644,8,4,D1,R4,SPGR_HR,0,S06,S06,24.44778,-81.90838,314,NCRMP,NCRMP_GRP
2022,1657,11,3,D1,R4,ISOL_HR,0,S06,S06,25.15845,-80.2655,347,NCRMP,NCRMP_GRP
2022,1664,12,4,D1,R4,SPGR_HR,0,S06,S06,25.47045,-80.11154,313,NCRMP,NCRMP_GRP
2022,1666,12,4,D1,R4,CONT_HR,0,S06,S06,25.3609,-80.14457,449,NCRMP,NCRMP_GRP
2022,1667,12,4,D1,R4,CONT_HR,0,S06,S06,25.54661,-80.10195,325,NCRMP,NCRMP_GRP
2022,1668,12,4,D1,R4,CONT_HR,0,S06,S06,25.46588,-80.11848,377,NCRMP,NCRMP_GRP
2022,1669,12,4,D1,R4,SPGR_HR,0,S06,S06,25.41224,-80.12725,357,NCRMP,NCRMP_GRP
2022,1670,12,4,D1,R4,SPGR_HR,0,S06,S06,25.59937,-80.0951,314,NCRMP,NCRMP_GRP
2022,1673,8,4,D1,R3,CONT_MR,0,S06,S06,24.45252,-81.96677,318,NCRMP,NCRMP_GRP
2022,1680,9,4,D1,R3,SPGR_MR,0,S06,S06,24.63308,-81.08176,340,NCRMP,NCRMP_GRP
2022,1682,10,4,D1,R4,ISOL_HR,0,S06,S06,24.90454,-80.53295,386,NCRMP,NCRMP_GRP
2022,1731,8,3,D1,R4,ISOL_HR,0,S06,S06,24.4623,-81.91041,315,NCRMP,NCRMP_GRP
2022,1921,8,4,D1,R3,CONT_MR,1,S06,S06,24.49133,-81.66489,311,NCRMP,NCRMP_GRP
2022,1959,8,4,D1,R4,SPGR_HR,0,S06,S06,24.4771,-81.72909,373,NCRMP,NCRMP_GRP
2022,1967,12,3,D1,R4,ISOL_HR,0,S06,S06,25.4554,-80.13163,372,NCRMP,NCRMP_GRP
2022,1991,12,4,D1,R3,ISOL_MR,0,S06,S06,25.6361,-80.10378,325,NCRMP,NCRMP_GRP
2022,1996,12,4,D1,R3,CONT_MR,0,S06,S06,25.46208,-80.11626,334,NCRMP,NCRMP_GRP
2022,8006,12,4,D1,R3,ISOL_MR,0,S06,S06,25.57062,-80.10581,348,NCRMP,NCRMP_GRP
2022,8007,12,4,D1,R4,CONT_HR,0,S06,S06,25.38064,-80.1415,396,NCRMP,NCRMP_GRP
2022,8008,12,4,D1,R3,CONT_MR,0,S06,S06,25.51962,-80.11207,343,NCRMP,NCRMP_GRP
2022,8009,12,4,D1,R3,CONT_MR,0,S06,S06,25.55429,-80.10134,352,NCRMP,NCRMP_GRP
2022,8010,12,4,D1,R3,SPGR_MR,0,S06,S06,25.40314,-80.12946,345,NCRMP,NCRMP_GRP
2022,8012,12,4,D1,R3,CONT_MR,0,S06,S06,25.3559,-80.1434,435,NCRMP,NCRMP_GRP
2022,8013,12,4,D1,R4,CONT_HR,0,S06,S06,25.49714,-80.12126,345,NCRMP,NCRMP_GRP
2022,8014,12,4,D1,R4,SPGR_HR,0,S06,S06,25.3949,-80.13183,338,NCRMP,NCRMP_GRP
2022,8015,12,4,D1,R4,CONT_HR,0,S06,S06,25.34648,-80.15444,346,NCRMP,NCRMP_GRP
2022,8016,12,4,D1,R4,CONT_HR,0,S06,S06,25.38369,-80.13584,404,NCRMP,NCRMP_GRP
2022,8018,12,4,D1,R4,CONT_HR,0,S06,S06,25.49448,-80.1086,386,NCRMP,NCRMP_GRP
2022,8032,12,4,D1,R4,CONT_HR,0,S06,S06,25.48544,-80.10863,311,NCRMP,NCRMP_GRP
2022,8065,10,3,D1,R3,ISOL_MR,0,S06,S06,24.88259,-80.57458,329,NCRMP,NCRMP_GRP
2022,8067,11,4,D1,R4,CONT_HR,0,S06,S06,25.1953,-80.24814,353,NCRMP,NCRMP_GRP
2022,9026,11,3,D1,R4,CONT_HR,1,S06,S06,25.2095,-80.21951,371,MIR,MIR_GRP
2022,9027,11,3,D1,R4,CONT_HR,1,S06,S06,25.2082,-80.22201,331,MIR,MIR_GRP
2022,9028,11,3,D1,R4,CONT_HR,1,S06,S06,25.20773,-80.22102,366,MIR,MIR_GRP
2022,9029,11,3,D1,R4,CONT_HR,0,S06,S06,25.13902,-80.29542,315,MIR,MIR_GRP
2022,9030,11,3,D1,R4,CONT_HR,0,S06,S06,25.1395,-80.29491,330,MIR,MIR_GRP
2022,9036,9,4,D1,R3,CONT_MR,1,S06,S06,24.62724,-81.11044,309,MIR,MIR_GRP
2022,9037,11,4,D1,R4,SPGR_HR,1,S06,S06,25.21979,-80.21149,349,MIR,MIR_GRP
2022,9038,11,4,D1,R4,ISOL_HR,1,S06,S06,25.22296,-80.21146,351,MIR,MIR_GRP
2022,9039,11,4,D1,R4,CONT_HR,1,S06,S06,25.22302,-80.21101,356,MIR,MIR_GRP
2022,9040,11,4,D1,R4,CONT_HR,1,S06,S06,25.22207,-80.21162,350,MIR,MIR_GRP
2022,9041,11,4,D1,R4,CONT_HR,1,S06,S06,25.22075,-80.21151,334,MIR,MIR_GRP
2022,9042,11,4,D1,R4,CONT_HR,1,S06,S06,25.22755,-80.20801,339,MIR,MIR_GRP
2022,9043,11,4,D1,R4,SPGR_HR,1,S06,S06,25.21177,-80.21802,351,MIR,MIR_GRP
2022,9045,11,4,D1,R4,SPGR_HR,1,S06,S06,25.21216,-80.21799,324,MIR,MIR_GRP
2022,9046,11,4,D1,R4,CONT_HR,1,S06,S06,25.21138,-80.21945,331,MIR,MIR_GRP
2022,9047,8,4,D1,R4,SPGR_HR,1,S06,S06,24.461,-81.8419,357,MIR,MIR_GRP
2022,9048,8,4,D1,R4,SPGR_HR,1,S06,S06,24.5459,-81.4066,344,MIR,MIR_GRP
2022,9049,8,4,D1,R4,SPGR_HR,1,S06,S06,24.54677,-81.40353,361,MIR,MIR_GRP
2022,9050,8,4,D1,R4,SPGR_HR,1,S06,S06,24.5462,-81.40705,336,MIR,MIR_GRP
2022,9052,8,4,D1,R4,SPGR_HR,1,S06,S06,24.4596,-81.8453,331,MIR,MIR_GRP
2022,9053,8,4,D1,R4,SPGR_HR,1,S06,S06,24.461,-81.84239,349,MIR,MIR_GRP
2022,9054,8,4,D1,R4,SPGR_HR,1,S06,S06,24.4637,-81.8429,328,MIR,NCRMP_GRP
2022,9070,9,4,D1,R4,SPGR_HR,1,S06,S06,24.62589,-81.1104,396,MIR,MIR_GRP
2022,9071,11,4,D1,R4,SPGR_HR,1,S06,S06,25.22213,-80.21004,351,MIR,MIR_GRP
2022,9072,11,4,D1,R4,SPGR_HR,1,S06,S06,25.22265,-80.20949,334,MIR,MIR_GRP
2022,9073,11,4,D1,R4,SPGR_HR,1,S06,S06,25.21761,-80.21397,323,MIR,MIR_GRP
2022,9074,11,4,D1,R4,SPGR_HR,1,S06,S06,25.22846,-80.20702,368,MIR,MIR_GRP
2022,9076,11,4,D1,R4,SPGR_HR,1,S06,S06,25.21718,-80.21401,361,MIR,MIR_GRP
2022,9079,11,4,D1,R4,CONT_HR,1,S06,S06,25.22186,-80.20743,352,MIR,NCRMP_GRP
2022,9080,11,4,D1,R4,CONT_HR,1,S06,S06,25.22186,-80.20496,344,MIR,NCRMP_GRP
2022,9081,11,4,D1,R4,CONT_HR,1,S06,S06,25.21799,-80.21851,346,MIR,MIR_GRP
2022,9082,11,4,D1,R4,CONT_HR,1,S06,S06,25.21712,-80.21651,341,MIR,MIR_GRP
2022,9083,11,4,D1,R4,CONT_HR,1,S06,S06,25.21761,-80.21651,317,MIR,MIR_GRP
2022,9084,11,4,D1,R4,CONT_HR,1,S06,S06,25.21748,-80.21811,345,MIR,MIR_GRP
2022,9085,11,4,D1,R4,CONT_HR,1,S06,S06,25.21531,-80.21503,334,MIR,MIR_GRP
2022,9086,8,4,D1,R4,SPGR_HR,1,S06,S06,24.4596,-81.8458,361,MIR,MIR_GRP
2022,9087,8,4,D1,R4,SPGR_HR,1,S06,S06,24.54538,-81.40608,353,MIR,MIR_GRP
2022,9088,8,4,D1,R4,SPGR_HR,1,S06,S06,24.54497,-81.4071,371,MIR,MIR_GRP
2022,9089,8,4,D1,R4,SPGR_HR,1,S06,S06,24.54673,-81.40108,356,MIR,MIR_GRP
2022,9090,8,4,D1,R4,SPGR_HR,1,S06,S06,24.54408,-81.40804,329,MIR,MIR_GRP
2022,9091,8,4,D1,R4,SPGR_HR,1,S06,S06,24.54586,-81.4045,356,MIR,MIR_GRP
2022,9092,8,4,D1,R4,SPGR_HR,1,S06,S06,24.54597,-81.4026,324,MIR,MIR_GRP
2022,9093,8,4,D1,R4,SPGR_HR,1,S06,S06,24.54458,-81.41058,373,MIR,MIR_GRP
2022,9097,8,4,D1,R3,SPGR_MR,0,S06,S06,24.46003,-81.84194,303,MIR,MIR_GRP
2022,9100,8,4,D1,R4,CONT_HR,1,S06,S06,24.46188,-81.83999,321,MIR,MIR_GRP
2022,9128,11,3,D1,R4,CONT_HR,1,S06,S06,25.20852,-80.2219,336,MIR,MIR_GRP
2022,9138,11,4,D1,R4,SPGR_HR,1,S06,S06,25.22209,-80.21058,350,MIR,MIR_GRP
2022,9139,11,4,D1,R4,CONT_HR,1,S06,S06,25.22801,-80.20794,360,MIR,MIR_GRP
2022,9142,11,4,D1,R4,SPGR_HR,1,S06,S06,25.2194,-80.21202,343,MIR,MIR_GRP
2022,9144,11,4,D1,R4,CONT_HR,1,S06,S06,25.21091,-80.21903,324,MIR,MIR_GRP
2022,9151,9,4,D1,R4,SPGR_HR,1,S06,S06,24.62678,-81.11092,340,MIR,MIR_GRP
2022,9161,11,4,D1,R4,CONT_HR,1,S06,S06,25.21313,-80.2161,365,MIR,MIR_GRP
2022,9166,8,4,D1,R3,ISOL_MR,1,S06,S06,24.54535,-81.40321,295,MIR,MIR_GRP
2022,9167,8,4,D1,R4,SPGR_HR,1,S06,S06,24.54502,-81.40603,335,MIR,MIR_GRP
2022,9176,11,4,D1,R4,CONT_HR,1,S06,S06,25.21806,-80.21402,307,MIR,MIR_GRP
2022,9180,11,4,D1,R4,CONT_HR,1,S06,S06,25.21758,-80.21352,322,MIR,MIR_GRP
2022,9195,11,4,D1,R4,CONT_HR,1,S06,S06,25.22077,-80.21005,324,MIR,MIR_GRP
2022,9196,11,4,D1,R4,CONT_HR,1,S06,S06,25.2077,-80.2196,330,MIR,MIR_GRP
2022,9199,8,4,D1,R4,SPGR_HR,1,S06,S06,24.46102,-81.84145,354,MIR,MIR_GRP
2022,9228,11,3,D1,R4,ISOL_HR,1,S06,S06,25.2077,-80.22251,336,MIR,MIR_GRP
2022,9235,8,4,D1,R3,CONT_MR,1,S06,S06,24.54726,-81.40509,330,MIR,MIR_GRP
2022,9256,11,4,D1,R4,CONT_HR,1,S06,S06,25.22127,-80.21392,346,MIR,MIR_GRP
2022,9265,11,4,D1,R4,CONT_HR,1,S06,S06,25.22135,-80.21333,302,MIR,MIR_GRP
2022,9298,8,4,D1,R3,CONT_MR,0,S06,S06,24.45918,-81.8434,320,MIR,MIR_GRP
2022,1209,8,4,D2,R1,CONT_LR,0,S08,S08,24.53853,-81.43717,292,NCRMP,NCRMP_OMIT
2022,1211,8,4,D2,R2,CONT_MR,0,S08,S08,24.49813,-81.62442,313,NCRMP,NCRMP_OMIT
2022,1214,8,4,D2,R1,ISOL_LR,0,S08,S08,24.54424,-81.40041,279,NCRMP,NCRMP_OMIT
2022,1216,9,4,D2,R1,CONT_LR,0,S08,S08,24.59476,-81.21704,302,NCRMP,NCRMP_OMIT
2022,1217,9,4,D2,R2,ISOL_MR,0,S08,S08,24.66328,-80.98551,337,NCRMP,NCRMP_OMIT
2022,1221,11,3,D2,R2,ISOL_MR,0,S08,S08,25.0299,-80.3591,341,NCRMP,NCRMP_OMIT
2022,1224,12,4,D2,R2,CONT_MR,0,S08,S08,25.4609,-80.11293,333,NCRMP,NCRMP_OMIT
2022,1227,12,4,D2,R1,CONT_LR,0,S08,S08,25.58713,-80.09303,287,NCRMP,NCRMP_OMIT
2022,1228,12,4,D2,R2,CONT_MR,0,S08,S08,25.32875,-80.1516,343,NCRMP,NCRMP_OMIT
2022,1233,8,4,D2,R1,CONT_LR,0,S08,S08,24.56742,-81.3202,300,NCRMP,NCRMP_OMIT
2022,1252,8,4,D2,R2,CONT_MR,0,S08,S08,24.46878,-81.73148,311,NCRMP,NCRMP_OMIT
2022,1259,8,4,D2,R2,CONT_MR,0,S08,S08,24.43523,-82.00614,326,NCRMP,NCRMP_OMIT
2022,1263,8,4,D2,R2,CONT_MR,0,S08,S08,24.47026,-81.7281,298,NCRMP,NCRMP_OMIT
2022,1268,8,4,D2,R2,CONT_MR,0,S08,S08,24.47267,-81.72146,303,NCRMP,NCRMP_OMIT
2022,1273,9,4,D2,R1,ISOL_LR,0,S08,S08,24.64622,-81.04154,305,NCRMP,NCRMP_OMIT
2022,1279,9,4,D2,R2,SPGR_MR,0,S08,S08,24.65102,-81.02035,358,NCRMP,NCRMP_OMIT
2022,1294,11,4,D2,R1,CONT_LR,0,S08,S08,25.16652,-80.23596,344,NCRMP,NCRMP_OMIT
2022,1301,11,4,D2,R2,CONT_MR,0,S08,S08,25.12492,-80.27493,335,NCRMP,NCRMP_OMIT
2022,1303,11,4,D2,R2,SPGR_MR,0,S08,S08,25.28463,-80.17052,336,NCRMP,NCRMP_OMIT
2022,1305,11,4,D2,R2,CONT_MR,0,S08,S08,25.18333,-80.2286,327,NCRMP,NCRMP_OMIT
2022,1315,12,4,D2,R2,ISOL_MR,0,S08,S08,25.34706,-80.14326,353,NCRMP,NCRMP_OMIT
2022,1455,10,4,D2,R2,CONT_MR,1,S08,S08,24.94747,-80.45919,324,NCRMP,NCRMP_OMIT
2022,1702,12,3,D2,R1,ISOL_LR,0,S08,S08,25.45568,-80.12759,319,NCRMP,NCRMP_OMIT
2022,1781,8,4,D2,R2,ISOL_MR,0,S08,S08,24.44269,-81.87174,332,NCRMP,NCRMP_OMIT
2022,8021,12,4,D2,R2,CONT_MR,0,S08,S08,25.57121,-80.09497,314,NCRMP,NCRMP_OMIT
2022,8022,12,4,D2,R1,CONT_LR,0,S08,S08,25.43666,-80.119,291,NCRMP,NCRMP_OMIT
2022,8023,12,4,D2,R2,CONT_MR,0,S08,S08,25.30507,-80.16035,313,NCRMP,NCRMP_OMIT
2022,8024,12,4,D2,R2,CONT_MR,0,S08,S08,25.30104,-80.16076,334,NCRMP,NCRMP_OMIT
2022,8027,12,4,D2,R2,ISOL_MR,0,S08,S08,25.32685,-80.15686,371,NCRMP,NCRMP_OMIT
2022,8028,12,4,D2,R2,CONT_MR,0,S08,S08,25.29992,-80.16617,292,NCRMP,NCRMP_OMIT
2022,8029,12,4,D2,R1,CONT_LR,0,S08,S08,25.30363,-80.16267,315,NCRMP,NCRMP_OMIT
2022,8030,12,4,D2,R2,SPGR_MR,0,S08,S08,25.56811,-80.09428,316,NCRMP,NCRMP_OMIT
2022,8033,12,4,D2,R2,SPGR_MR,0,S08,S08,25.49768,-80.10601,327,NCRMP,NCRMP_OMIT
2022,8042,12,4,D2,R2,ISOL_MR,0,S08,S08,25.48427,-80.10717,306,NCRMP,NCRMP_OMIT
2022,8043,12,4,D2,R2,SPGR_MR,0,S08,S08,25.56165,-80.09492,328,NCRMP,NCRMP_OMIT
2022,1100,8,4,D2,R4,CONT_HR,0,S09,S09,24.48388,-81.74895,357,NCRMP,NCRMP_OMIT
2022,1175,10,4,D2,R4,SPGR_HR,0,S09,S09,24.89777,-80.53732,355,NCRMP,NCRMP_OMIT
2022,1208,8,4,D2,R4,ISOL_HR,0,S09,S09,24.50222,-81.61352,399,NCRMP,NCRMP_OMIT
2022,1210,8,4,D2,R4,CONT_HR,0,S09,S09,24.4977,-81.62554,325,NCRMP,NCRMP_OMIT
2022,1212,8,4,D2,R3,CONT_MR,0,S09,S09,24.55407,-81.36136,351,NCRMP,NCRMP_OMIT
2022,1215,9,4,D2,R4,SPGR_HR,0,S09,S09,24.59022,-81.23469,366,NCRMP,NCRMP_OMIT
2022,1218,10,4,D2,R4,SPGR_HR,0,S09,S09,24.80097,-80.68404,400,NCRMP,NCRMP_OMIT
2022,1219,10,4,D2,R4,SPGR_HR,0,S09,S09,24.82169,-80.65621,391,NCRMP,NCRMP_OMIT
2022,1220,11,4,D2,R3,CONT_MR,0,S09,S09,25.00503,-80.38442,373,NCRMP,NCRMP_OMIT
2022,1222,11,4,D2,R3,CONT_MR,0,S09,S09,25.27924,-80.18012,297,NCRMP,NCRMP_OMIT
2022,1226,12,4,D2,R3,CONT_MR,0,S09,S09,25.55757,-80.09659,356,NCRMP,NCRMP_OMIT
2022,1229,12,4,D2,R4,ISOL_HR,0,S09,S09,25.72831,-80.09578,373,NCRMP,NCRMP_OMIT
2022,1230,8,4,D2,R4,SPGR_HR,0,S09,S09,24.4932,-81.652,331,NCRMP,NCRMP_OMIT
2022,1232,8,4,D2,R4,SPGR_HR,0,S09,S09,24.53783,-81.43265,376,NCRMP,NCRMP_OMIT
2022,1234,9,4,D2,R3,CONT_MR,0,S09,S09,24.57139,-81.29862,385,NCRMP,NCRMP_OMIT
2022,1235,9,4,D2,R3,CONT_MR,0,S09,S09,24.76582,-80.73565,383,NCRMP,NCRMP_OMIT
2022,1236,10,4,D2,R4,SPGR_HR,0,S09,S09,24.88056,-80.56252,375,NCRMP,NCRMP_OMIT
2022,1237,10,4,D2,R4,SPGR_HR,0,S09,S09,24.80938,-80.6762,410,NCRMP,NCRMP_OMIT
2022,1238,11,3,D2,R4,ISOL_HR,0,S09,S09,25.15012,-80.26731,378,NCRMP,NCRMP_OMIT
2022,1239,11,4,D2,R4,SPGR_HR,0,S09,S09,25.09023,-80.30056,360,NCRMP,NCRMP_OMIT
2022,1241,12,4,D2,R4,SPGR_HR,0,S09,S09,25.2943,-80.1713,359,NCRMP,NCRMP_OMIT
2022,1242,12,4,D2,R3,CONT_MR,0,S09,S09,25.58448,-80.09408,307,NCRMP,NCRMP_OMIT
2022,1244,8,4,D2,R3,SPGR_MR,0,S09,S09,24.43499,-81.95292,334,NCRMP,NCRMP_OMIT
2022,1245,8,3,D2,R4,ISOL_HR,0,S09,S09,24.46049,-81.90303,321,NCRMP,NCRMP_OMIT
2022,1246,8,4,D2,R4,CONT_HR,0,S09,S09,24.43325,-81.99505,385,NCRMP,NCRMP_OMIT
2022,1248,8,4,D2,R4,SPGR_HR,0,S09,S09,24.47331,-81.75513,330,NCRMP,NCRMP_OMIT
2022,1249,8,4,D2,R3,CONT_MR,0,S09,S09,24.44651,-81.90792,328,NCRMP,NCRMP_OMIT
2022,1250,8,4,D2,R4,SPGR_HR,0,S09,S09,24.55043,-81.37655,383,NCRMP,NCRMP_OMIT
2022,1251,8,4,D2,R4,SPGR_HR,0,S09,S09,24.44194,-81.9331,350,NCRMP,NCRMP_OMIT
2022,1256,8,4,D2,R4,CONT_HR,0,S09,S09,24.51314,-81.54203,337,NCRMP,NCRMP_OMIT
2022,1257,8,4,D2,R4,CONT_HR,0,S09,S09,24.44761,-81.89288,336,NCRMP,NCRMP_OMIT
2022,1262,8,4,D2,R4,SPGR_HR,0,S09,S09,24.55041,-81.37764,347,NCRMP,NCRMP_OMIT
2022,1265,8,4,D2,R4,CONT_HR,0,S09,S09,24.43216,-81.9928,378,NCRMP,NCRMP_OMIT
2022,1269,9,4,D2,R4,SPGR_HR,0,S09,S09,24.61969,-81.11261,363,NCRMP,NCRMP_OMIT
2022,1271,9,4,D2,R3,SPGR_MR,0,S09,S09,24.64423,-81.0443,323,NCRMP,NCRMP_OMIT
2022,1275,9,4,D2,R3,SPGR_MR,0,S09,S09,24.73513,-80.80114,341,NCRMP,NCRMP_OMIT
2022,1278,9,4,D2,R4,CONT_HR,0,S09,S09,24.63945,-81.05577,341,NCRMP,NCRMP_OMIT
2022,1282,9,4,D2,R4,CONT_HR,0,S09,S09,24.65585,-81.00219,374,NCRMP,NCRMP_OMIT
2022,1283,9,4,D2,R4,CONT_HR,0,S09,S09,24.6593,-80.99079,374,NCRMP,NCRMP_OMIT
2022,1284,9,4,D2,R3,SPGR_MR,0,S09,S09,24.60504,-81.16894,349,NCRMP,NCRMP_OMIT
2022,1285,9,4,D2,R4,CONT_HR,0,S09,S09,24.72341,-80.81527,346,NCRMP,NCRMP_OMIT
2022,1286,9,4,D2,R4,SPGR_HR,0,S09,S09,24.63899,-81.05932,349,NCRMP,NCRMP_OMIT
2022,1288,10,4,D2,R4,SPGR_HR,0,S09,S09,24.81521,-80.66127,359,NCRMP,NCRMP_OMIT
2022,1290,10,4,D2,R4,SPGR_HR,0,S09,S09,24.80942,-80.66986,414,NCRMP,NCRMP_OMIT
2022,1291,10,4,D2,R4,SPGR_HR,0,S09,S09,24.89767,-80.53666,353,NCRMP,NCRMP_OMIT
2022,1292,10,4,D2,R4,SPGR_HR,0,S09,S09,24.88498,-80.55269,375,NCRMP,NCRMP_OMIT
2022,1293,10,4,D2,R4,SPGR_HR,0,S09,S09,24.87526,-80.56912,393,NCRMP,NCRMP_OMIT
2022,1295,11,4,D2,R3,CONT_MR,0,S09,S09,25.15539,-80.24977,363,NCRMP,NCRMP_OMIT
2022,1296,11,4,D2,R4,SPGR_HR,0,S09,S09,25.15407,-80.24677,382,NCRMP,NCRMP_OMIT
2022,1297,11,4,D2,R4,SPGR_HR,0,S09,S09,24.97752,-80.41758,387,NCRMP,NCRMP_OMIT
2022,1298,11,3,D2,R4,ISOL_HR,0,S09,S09,25.16158,-80.25791,359,NCRMP,NCRMP_OMIT
2022,1299,11,4,D2,R4,SPGR_HR,0,S09,S09,25.05788,-80.32703,338,NCRMP,NCRMP_OMIT
2022,1300,11,4,D2,R3,CONT_MR,0,S09,S09,25.17804,-80.22947,365,NCRMP,NCRMP_OMIT
2022,1302,11,4,D2,R4,ISOL_HR,0,S09,S09,24.98587,-80.41078,366,NCRMP,NCRMP_OMIT
2022,1307,11,3,D2,R4,ISOL_HR,0,S09,S09,25.17941,-80.24561,345,NCRMP,NCRMP_OMIT
2022,1308,11,4,D2,R3,SPGR_MR,0,S09,S09,25.27451,-80.18005,310,NCRMP,NCRMP_OMIT
2022,1309,12,4,D2,R3,CONT_MR,0,S09,S09,25.30918,-80.15417,379,NCRMP,NCRMP_OMIT
2022,1310,12,4,D2,R4,SPGR_HR,0,S09,S09,25.74307,-80.08831,382,NCRMP,NCRMP_OMIT
2022,1312,12,4,D2,R4,CONT_HR,0,S09,S09,25.37935,-80.13782,362,NCRMP,NCRMP_OMIT
2022,1313,12,4,D2,R4,SPGR_HR,0,S09,S09,25.48156,-80.10808,382,NCRMP,NCRMP_OMIT
2022,1314,12,4,D2,R4,CONT_HR,0,S09,S09,25.3923,-80.1304,356,NCRMP,NCRMP_OMIT
2022,1316,12,4,D2,R4,SPGR_HR,0,S09,S09,25.58389,-80.09248,326,NCRMP,NCRMP_OMIT
2022,1323,8,4,D2,R4,CONT_HR,0,S09,S09,24.43571,-81.94929,381,NCRMP,NCRMP_OMIT
2022,1331,8,4,D2,R4,CONT_HR,0,S09,S09,24.46747,-81.72453,315,NCRMP,NCRMP_OMIT
2022,1332,8,4,D2,R4,CONT_HR,0,S09,S09,24.43765,-81.90648,366,NCRMP,NCRMP_OMIT
2022,1346,10,4,D2,R4,SPGR_HR,0,S09,S09,24.87135,-80.57406,394,NCRMP,NCRMP_OMIT
2022,1348,10,4,D2,R4,CONT_HR,0,S09,S09,24.84102,-80.62497,374,NCRMP,NCRMP_OMIT
2022,1446,11,3,D2,R4,ISOL_HR,1,S09,S09,25.20766,-80.22352,370,NCRMP,NCRMP_OMIT
2022,1456,10,4,D2,R3,SPGR_MR,1,S09,S09,24.95294,-80.45628,373,NCRMP,NCRMP_OMIT
2022,1457,10,4,D2,R3,SPGR_MR,1,S09,S09,24.84315,-80.62196,342,NCRMP,NCRMP_OMIT
2022,1458,8,4,D2,R4,SPGR_HR,1,S09,S09,24.5423,-81.41094,354,NCRMP,NCRMP_OMIT
2022,1462,11,4,D2,R4,SPGR_HR,1,S09,S09,25.20219,-80.21671,320,NCRMP,NCRMP_OMIT
2022,1465,11,4,D2,R4,SPGR_HR,1,S09,S09,25.01476,-80.36656,349,NCRMP,NCRMP_OMIT
2022,1466,10,4,D2,R3,SPGR_MR,1,S09,S09,24.92012,-80.50416,392,NCRMP,NCRMP_OMIT
2022,1467,10,4,D2,R4,SPGR_HR,1,S09,S09,24.84231,-80.62319,349,NCRMP,NCRMP_OMIT
2022,1468,8,4,D2,R4,SPGR_HR,1,S09,S09,24.47788,-81.7197,331,NCRMP,NCRMP_OMIT
2022,1469,8,4,D2,R4,SPGR_HR,1,S09,S09,24.47848,-81.71423,348,NCRMP,NCRMP_OMIT
2022,1470,11,4,D2,R4,CONT_HR,1,S09,S09,25.20511,-80.21698,385,NCRMP,NCRMP_OMIT
2022,1471,11,4,D2,R3,SPGR_MR,1,S09,S09,25.2019,-80.21793,382,NCRMP,NCRMP_OMIT
2022,1472,11,4,D2,R4,SPGR_HR,1,S09,S09,25.03028,-80.34988,348,NCRMP,NCRMP_OMIT
2022,1473,11,4,D2,R4,SPGR_HR,1,S09,S09,25.00642,-80.37672,331,NCRMP,NCRMP_OMIT
2022,1474,11,4,D2,R4,SPGR_HR,1,S09,S09,25.01592,-80.36587,351,NCRMP,NCRMP_OMIT
2022,1475,10,4,D2,R3,SPGR_MR,1,S09,S09,24.95422,-80.4525,338,NCRMP,NCRMP_OMIT
2022,1476,10,4,D2,R4,CONT_HR,1,S09,S09,24.95295,-80.44997,390,NCRMP,NCRMP_OMIT
2022,1477,9,4,D2,R4,SPGR_HR,1,S09,S09,24.62201,-81.11191,349,NCRMP,NCRMP_OMIT
2022,1478,9,4,D2,R4,SPGR_HR,1,S09,S09,24.62547,-81.10481,368,NCRMP,NCRMP_OMIT
2022,1479,8,4,D2,R4,CONT_HR,1,S09,S09,24.48038,-81.70214,341,NCRMP,NCRMP_OMIT
2022,1480,8,4,D3,R4,ISOL_HR,1,S09,S09,24.47688,-81.72308,285,NCRMP,NCRMP_OMIT
2022,1638,12,3,D2,R4,ISOL_HR,0,S09,S09,25.33811,-80.16162,359,NCRMP,NCRMP_OMIT
2022,1696,11,4,D2,R4,SPGR_HR,0,S09,S09,24.97243,-80.44047,377,NCRMP,NCRMP_OMIT
2022,1700,12,4,D2,R4,CONT_HR,0,S09,S09,25.37936,-80.14141,398,NCRMP,NCRMP_OMIT
2022,1714,12,4,D2,R4,CONT_HR,0,S09,S09,25.469,-80.11053,333,NCRMP,NCRMP_OMIT
2022,1716,12,4,D2,R3,SPGR_MR,0,S09,S09,25.62447,-80.09217,359,NCRMP,NCRMP_OMIT
2022,1743,9,4,D2,R4,SPGR_HR,0,S09,S09,24.75133,-80.75683,347,NCRMP,NCRMP_OMIT
2022,1748,9,4,D2,R3,SPGR_MR,0,S09,S09,24.61093,-81.14815,363,NCRMP,NCRMP_OMIT
2022,1751,10,4,D2,R4,SPGR_HR,0,S09,S09,24.79702,-80.68558,397,NCRMP,NCRMP_OMIT
2022,1768,12,4,D2,R4,CONT_HR,0,S09,S09,25.40188,-80.12729,383,NCRMP,NCRMP_OMIT
2022,1769,12,4,D2,R3,CONT_MR,0,S09,S09,25.6035,-80.09158,338,NCRMP,NCRMP_OMIT
2022,1770,12,4,D2,R4,CONT_HR,0,S09,S09,25.55571,-80.0994,333,NCRMP,NCRMP_OMIT
2022,1771,12,4,D2,R4,SPGR_HR,0,S09,S09,25.31981,-80.15367,424,NCRMP,NCRMP_OMIT
2022,1787,8,4,D2,R4,CONT_HR,0,S09,S09,24.49407,-81.59546,345,NCRMP,NCRMP_OMIT
2022,1842,12,4,D2,R4,SPGR_HR,0,S09,S09,25.39531,-80.12872,391,NCRMP,NCRMP_OMIT
2022,1893,8,3,D2,R4,ISOL_HR,1,S09,S09,24.49034,-81.72169,323,NCRMP,NCRMP_OMIT
2022,1939,8,4,D2,R4,ISOL_HR,0,S09,S09,24.54221,-81.40773,333,NCRMP,NCRMP_OMIT
2022,1960,8,4,D2,R3,SPGR_MR,1,S09,S09,24.47701,-81.72764,330,NCRMP,NCRMP_OMIT
2022,8031,12,4,D2,R4,SPGR_HR,0,S09,S09,25.37571,-80.1399,437,NCRMP,NCRMP_OMIT
2022,8034,12,4,D2,R3,SPGR_MR,0,S09,S09,25.46094,-80.11346,354,NCRMP,NCRMP_OMIT
2022,8035,12,4,D2,R3,CONT_MR,0,S09,S09,25.35619,-80.14892,383,NCRMP,NCRMP_OMIT
2022,8036,12,4,D2,R4,SPGR_HR,0,S09,S09,25.54231,-80.10046,349,NCRMP,NCRMP_OMIT
2022,8037,12,4,D2,R3,SPGR_MR,0,S09,S09,25.4884,-80.10709,320,NCRMP,NCRMP_OMIT
2022,8038,12,4,D2,R4,CONT_HR,0,S09,S09,25.55694,-80.09905,321,NCRMP,NCRMP_OMIT
2022,8039,12,4,D2,R4,SPGR_HR,0,S09,S09,25.51254,-80.10365,375,NCRMP,NCRMP_OMIT
2022,8040,12,4,D2,R4,SPGR_HR,0,S09,S09,25.40642,-80.12624,339,NCRMP,NCRMP_OMIT
2022,8041,12,4,D2,R3,SPGR_MR,0,S09,S09,25.59622,-80.09158,293,NCRMP,NCRMP_OMIT
2022,8044,12,4,D2,R4,SPGR_HR,0,S09,S09,25.558,-80.09548,322,NCRMP,NCRMP_OMIT
2022,8045,12,4,D2,R4,SPGR_HR,0,S09,S09,25.38556,-80.13287,341,NCRMP,NCRMP_OMIT
2022,8046,12,4,D2,R4,SPGR_HR,0,S09,S09,25.39041,-80.13177,361,NCRMP,NCRMP_OMIT
2022,8047,12,4,D2,R3,SPGR_MR,0,S09,S09,25.52382,-80.09914,342,NCRMP,NCRMP_OMIT
2022,8048,12,4,D2,R3,SPGR_MR,0,S09,S09,25.62867,-80.09178,364,NCRMP,NCRMP_OMIT
2022,8049,12,4,D2,R4,SPGR_HR,0,S09,S09,25.40725,-80.12582,368,NCRMP,NCRMP_OMIT
2022,8050,12,4,D2,R4,SPGR_HR,0,S09,S09,25.43864,-80.11617,381,NCRMP,NCRMP_OMIT
2022,8054,12,4,D2,R4,SPGR_HR,0,S09,S09,25.4432,-80.12279,355,NCRMP,NCRMP_OMIT
2022,8057,12,4,D2,R4,SPGR_HR,0,S09,S09,25.41387,-80.12339,338,NCRMP,NCRMP_OMIT
2022,8058,12,4,D2,R4,SPGR_HR,0,S09,S09,25.41494,-80.12303,359,NCRMP,NCRMP_OMIT
2022,8076,12,4,D2,R4,ISOL_HR,0,S09,S09,25.71423,-80.08803,394,NCRMP,NCRMP_OMIT
2022,1304,11,4,D3,R4,SPGR_HR,0,S11,S11,25.09249,-80.29732,340,NCRMP,NCRMP_OMIT
2022,1306,11,4,D3,R4,ISOL_HR,0,S11,S11,25.0245,-80.35512,366,NCRMP,NCRMP_OMIT
2022,1311,12,4,D3,R4,ISOL_HR,0,S11,S11,25.71407,-80.08667,394,NCRMP,NCRMP_OMIT
2022,1317,8,4,D3,R4,CONT_HR,0,S11,S11,24.47389,-81.70846,339,NCRMP,NCRMP_OMIT
2022,1320,8,4,D3,R3,CONT_MR,0,S11,S11,24.43779,-81.91816,335,NCRMP,NCRMP_OMIT
2022,1321,8,4,D3,R4,SPGR_HR,0,S11,S11,24.44043,-81.86946,348,NCRMP,NCRMP_OMIT
2022,1324,8,4,D3,R4,CONT_HR,0,S11,S11,24.4306,-82.00253,387,NCRMP,NCRMP_OMIT
2022,1325,8,4,D3,R4,CONT_HR,0,S11,S11,24.53696,-81.42903,351,NCRMP,NCRMP_OMIT
2022,1333,8,4,D3,R4,CONT_HR,0,S11,S11,24.43665,-81.90485,360,NCRMP,NCRMP_OMIT
2022,1334,9,4,D3,R4,CONT_HR,0,S11,S11,24.73035,-80.79476,384,NCRMP,NCRMP_OMIT
2022,1335,9,4,D3,R4,CONT_HR,0,S11,S11,24.72476,-80.81149,330,NCRMP,NCRMP_OMIT
2022,1336,9,4,D3,R4,CONT_HR,0,S11,S11,24.72149,-80.81504,363,NCRMP,NCRMP_OMIT
2022,1339,9,4,D3,R4,CONT_HR,0,S11,S11,24.72867,-80.8006,448,NCRMP,NCRMP_OMIT
2022,1340,9,4,D3,R4,SPGR_HR,0,S11,S11,24.64534,-81.03329,388,NCRMP,NCRMP_OMIT
2022,1341,9,4,D3,R4,SPGR_HR,0,S11,S11,24.65154,-81.01432,434,NCRMP,NCRMP_OMIT
2022,1342,10,4,D3,R4,SPGR_HR,0,S11,S11,24.84321,-80.61706,385,NCRMP,NCRMP_OMIT
2022,1343,10,4,D3,R4,SPGR_HR,0,S11,S11,24.81054,-80.66792,390,NCRMP,NCRMP_OMIT
2022,1347,10,4,D3,R4,SPGR_HR,0,S11,S11,24.9197,-80.4947,359,NCRMP,NCRMP_OMIT
2022,1349,11,4,D3,R4,SPGR_HR,0,S11,S11,25.11512,-80.27775,364,NCRMP,NCRMP_OMIT
2022,1350,11,4,D3,R4,SPGR_HR,0,S11,S11,25.0997,-80.29092,373,NCRMP,NCRMP_OMIT
2022,1351,11,4,D3,R4,ISOL_HR,0,S11,S11,25.25819,-80.18304,359,NCRMP,NCRMP_OMIT
2022,1353,11,4,D3,R4,ISOL_HR,0,S11,S11,25.02037,-80.35821,343,NCRMP,NCRMP_OMIT
2022,1354,11,4,D3,R4,SPGR_HR,0,S11,S11,25.15075,-80.2473,353,NCRMP,NCRMP_OMIT
2022,1355,11,4,D3,R4,SPGR_HR,0,S11,S11,24.9689,-80.42719,383,NCRMP,NCRMP_OMIT
2022,1356,11,4,D3,R4,ISOL_HR,0,S11,S11,25.06279,-80.32061,375,NCRMP,NCRMP_OMIT
2022,1357,11,4,D3,R4,CONT_HR,0,S11,S11,25.05236,-80.32988,375,NCRMP,NCRMP_OMIT
2022,1358,11,4,D3,R4,SPGR_HR,0,S11,S11,24.99375,-80.40041,364,NCRMP,NCRMP_OMIT
2022,1359,11,4,D3,R4,SPGR_HR,0,S11,S11,25.03918,-80.33973,361,NCRMP,NCRMP_OMIT
2022,1360,12,4,D3,R1,ISOL_LR,0,S11,S11,25.5114,-80.09896,271,NCRMP,NCRMP_OMIT
2022,1361,12,4,D3,R2,ISOL_MR,0,S11,S11,25.44268,-80.11407,327,NCRMP,NCRMP_OMIT
2022,1362,12,4,D3,R2,ISOL_MR,0,S11,S11,25.45094,-80.11324,351,NCRMP,NCRMP_OMIT
2022,1364,12,4,D3,R1,CONT_LR,0,S11,S11,25.63812,-80.08872,322,NCRMP,NCRMP_OMIT
2022,1715,12,4,D3,R3,CONT_MR,0,S11,S11,25.54111,-80.09543,335,NCRMP,NCRMP_OMIT
2022,1780,8,4,D3,R4,CONT_HR,0,S11,S11,24.49281,-81.5964,330,NCRMP,NCRMP_OMIT
2022,1795,8,4,D3,R4,SPGR_HR,0,S11,S11,24.53848,-81.42629,333,NCRMP,NCRMP_OMIT
2022,1797,8,4,D3,R3,CONT_MR,0,S11,S11,24.43588,-81.96148,340,NCRMP,NCRMP_OMIT
2022,1810,10,4,D3,R4,ISOL_HR,0,S11,S11,24.81324,-80.66431,378,NCRMP,NCRMP_OMIT
2022,1814,10,4,D3,R4,CONT_HR,0,S11,S11,24.94158,-80.46297,348,NCRMP,NCRMP_OMIT
2022,1825,11,4,D3,R4,SPGR_HR,0,S11,S11,25.12065,-80.27167,355,NCRMP,NCRMP_OMIT
2022,1841,12,4,D3,R3,CONT_MR,0,S11,S11,25.60358,-80.08998,316,NCRMP,NCRMP_OMIT
2022,1845,12,4,D3,R4,CONT_HR,0,S11,S11,25.3838,-80.13148,355,NCRMP,NCRMP_OMIT
2022,1846,12,4,D3,R1,CONT_LR,0,S11,S11,25.57725,-80.09068,273,NCRMP,NCRMP_OMIT
2022,8051,12,4,D3,R4,SPGR_HR,0,S11,S11,25.42257,-80.12022,369,NCRMP,NCRMP_OMIT
2022,8052,12,4,D3,R4,SPGR_HR,0,S11,S11,25.43871,-80.11584,371,NCRMP,NCRMP_OMIT
2022,8053,12,4,D3,R4,CONT_HR,0,S11,S11,25.36774,-80.13664,367,NCRMP,NCRMP_OMIT
2022,8055,12,4,D3,R4,SPGR_HR,0,S11,S11,25.4814,-80.1065,358,NCRMP,NCRMP_OMIT
2022,8056,12,4,D3,R4,ISOL_HR,0,S11,S11,25.38427,-80.13223,363,NCRMP,NCRMP_OMIT
2022,8059,12,4,D3,R4,SPGR_HR,0,S11,S11,25.45329,-80.11294,373,NCRMP,NCRMP_OMIT
2022,8060,12,4,D3,R3,ISOL_MR,0,S11,S11,25.4525,-80.11348,320,NCRMP,NCRMP_OMIT
2022,8061,12,4,D3,R4,CONT_HR,0,S11,S11,25.38479,-80.13245,416,NCRMP,NCRMP_OMIT
2022,8068,12,4,D3,R4,ISOL_HR,0,S11,S11,25.7127,-80.08719,364,NCRMP,NCRMP_OMIT
