SPECIES_NR,SPECIES_CD,SCIENTIFIC_NAME,COMMON_NAME,min_size,max_size,max_num,LC,LM,WLEN_A,WLEN_B,FamilyCommon,NCRMP_HERBIVORE,,NCRMP_All_Reeffish,NonCryptic,Sum,NCRMP_Community,NCRMP_Target_Carib,NCRMP_Exploited_FL,NCRMP_Parrot,NCRMP_Ornamental,KEEP_10MIN,WLEN_A,WLEN_B,Trophic prime,Prime %,Trophic secondary,Sec. %,Trophic Reference,Trophic Location,Trophic Congener,  TROPHIC METRICS NOTES
16,BAL CAPR,Balistes capriscus,gray triggerfish,15,30,10,,,0.291,2.935218674,triggerfishes,1,,1,1,2,1,,1,,,0,0.0000291,2.935218674,I,98,H,1.5,Gomez-Canchong et al. (2004),Columbia,no,
21,MEL NIGE,Melichthys niger,black durgon,5,41,50,,,0.162,3.554,triggerfishes,1,,1,1,2,1,,0,,Ornamental,0,0.00000162,3.554,H,75.2,I,16.8,Randall (1967),Puerto Rico/USVI,no,all plankton is zooplankton
9,ACA COER,Acanthurus coeruleus,blue tang,2,38,50,,,0.618,2.834578168,surgeonfishes,1,,1,1,2,1,1,0,,Ornamental,0,0.0000618,2.834578168,H,99.6,I,0.4,Randall (1967),Puerto Rico/USVI,no,
8,ACA CHIR,Acanthurus chirurgus,doctorfish,2,36,50,,,0.12,3.53279894,surgeonfishes,1,,1,1,2,1,1,0,,Ornamental,0,0.0000012,3.532790894,H,99.6,I,0.4,Randall (1967),Puerto Rico/USVI,no,
7,ACA BAHI,Acanthurus bahianus,ocean surgeon,2,38,50,,,0.25,2.9752,surgeonfishes,1,,1,1,2,1,1,0,,Ornamental,0,0.000025,2.9752,H,100,,,Randall (1967),Puerto Rico/USVI,no,
67,CHA FABE,Chaetodipterus faber,Atlantic spadefish,20,91,30,,,0.19279,2.6836424,spadefishes,1,,1,1,2,1,,0,,,0,0.000192079,2.683600424,I,96.6,H,2.3,Randall (1967),Puerto Rico/USVI,no,plankton is zooplankton
238,CAN ROST,Canthigaster rostrata,sharpnose puffer,2,11,15,,,0.251,2.9219,puffers,1,,1,1,2,1,,0,,Ornamental,1,0.0000251,2.9219,I,69.2,H,16.1,Randall (1967),Puerto Rico/USVI,no," all plankton is zooplankton, other - detritus (animal) and algae"
225,ARC RHOM,Archosargus rhomboidalis,sea bream,5,33,10,,,0.142,3.121,porgies,1,,1,1,2,1,,0,,,0,0.0000142,3.1021,H,83.2,I,13.3,Randall (1967),Puerto Rico/USVI,no,all plankton is zooplankton
187,SPA VIRI,Sparisoma viride,stoplight parrotfish,2,60,25,,,0.3,2.9214,parrotfishes,1,,1,1,2,1,,0,Parrotfish,Ornamental,0,0.00003,2.9214,H,99.8,I,0.2,Randall (1967),Puerto Rico/USVI,no,
185,SPA RUBR,Sparisoma rubripinne,yellowtail parrotfish,10,46,10,,,0.194,3,parrotfishes,1,,1,1,2,1,,0,Parrotfish,Ornamental,0,0.0000194,3,H,99.6,I,0.4,Randall (1967),Puerto Rico/USVI,no,
182,SPA AURO,Sparisoma aurofrenatum,redband parrotfish,2,28,25,,,0.175,3.429,parrotfishes,1,,1,1,2,1,,0,Parrotfish,Ornamental,0,0.00000175,3.429,H,99.1,I,0.9,Randall (1967),Puerto Rico/USVI,no,
180,SCA VETU,Scarus vetula,queen parrotfish,10,60,10,,,0.167,3.455,parrotfishes,1,,1,1,2,1,,0,Parrotfish,Ornamental,0,0.0000167,3.0455,H,97.2,I,2.8,Randall (1967),Puerto Rico/USVI,no,
179,SCA TAEN,Scarus taeniopterus,princess parrotfish,5,33,20,,,0.177,3,parrotfishes,1,,1,1,2,1,,0,Parrotfish,Ornamental,0,0.0000177,3,H,98.5,I,1.5,Randall (1967),Puerto Rico/USVI,no,
175,SCA COEL,Scarus coelestinus,midnight parrotfish,15,91,25,,,0.192,3.2,parrotfishes,1,,1,1,2,1,,0,Parrotfish,Ornamental,0,0.0000192,3.02,H,98.6,I,1.2,Randall (1967),Puerto Rico/USVI,no,
184,SPA RADI,Sparisoma radians,bucktooth parrotfish,2,19,15,,,0.153,3.252,parrotfishes,1,,1,1,2,1,,0,,Ornamental,1,0.0000153,3.0252,H,100,,,Randall (1967),Puerto Rico/USVI,no,
183,SPA CHRY,Sparisoma chrysopterum,redtail parrotfish,10,46,20,,,0.668,3.178,parrotfishes,1,,1,1,2,1,,0,Parrotfish,Ornamental,0,0.00000668,3.1708,H,100,,,Randall (1967),Puerto Rico/USVI,no,
181,SPA ATOM,Sparisoma atomarium,greenblotch parrotfish,2,11,20,,,0.153,3.252,parrotfishes,1,,1,1,2,1,,0,,Ornamental,1,0.0000153,3.0252,H,,,,Pattengill et al. (1997),Gulf of Mexico,no,diet taken from food items - not diet
177,SCA ISER,Scarus iseri,striped parrotfish,2,25,50,,,0.159,3.2,parrotfishes,1,,1,1,2,1,,0,Parrotfish,Ornamental,0,0.0000159,3.02,H,100,,,Randall (1967),Puerto Rico/USVI,no,
178,SCA GUAC,Scarus guacamaia,rainbow parrotfish,25,168,25,,,0.134,3.626,parrotfishes,1,,1,1,2,1,,0,Parrotfish,Ornamental,0,0.0000134,3.0626,H,100,,,Randall (1967),Puerto Rico/USVI,no,
176,SCA COER,Scarus coeruleus,blue parrotfish,15,122,25,,,0.961,3.119,parrotfishes,1,,1,1,2,1,,0,Parrotfish,Ornamental,0,0.00000961,3.1109,H,,,,Sierra et al. (1994),Cuba,no,diet taken from food items - not diet
174,NIC USTA,Nicholsina usta,emerald parrotfish,2,30,15,,,0.161,3.448,parrotfishes,1,,1,1,2,1,,0,,Ornamental,0,0.0000161,3.0448,H,100,,,"Cervigón, F. (1994)",Venezuela,no,diet taken from food items - not diet
173,CRY ROSE,Cryptotomus roseus,bluelip parrotfish,3,13,20,,,0.332,3.1816,parrotfishes,1,,1,1,2,1,,0,,Ornamental,1,0.0000332,3.1816,H,,,,Sierra et al. (1994),Cuba,no,diet taken from food items - not diet
19,CAN PULL,Cantherhines pullus,orangespotted filefish,10,22,5,,,0.186733,2.5632,filefishes,1,,1,1,2,1,,0,,Ornamental,1,0.000186733,2.5632,I,51.2,H,48.8,Randall (1967),Puerto Rico/USVI,no,
18,CAN MACR,Cantherhines macrocerus,whitespotted filefish,10,46,5,,,0.124613,2.6534,filefishes,1,,1,1,2,1,,0,,Ornamental,0,0.000124613,2.6534,I,97.1,H,2.9,Randall (1967),Puerto Rico/USVI,no,
15,ALU SCRI,Aluterus scriptus,scrawled filefish,30,91,5,,,0.22,3,filefishes,1,,1,1,2,1,,0,,Ornamental,0,0.0000022,3,I,56.8,H,43.2,Randall (1967),Puerto Rico/USVI,no,
6,MON CILI,Monacanthus ciliatus,fringed filefish,1,20,5,,,0.511,2.7,filefishes,1,,1,1,2,1,,0,,Ornamental,1,0.0000511,2.7,H,37.4,PL,37,Randall (1967),Puerto Rico/USVI,no,all plankton is zooplankton
188,PAR ACUM,Pareques acuminatus,high-hat,3,23,10,,,0.546,3.22,drums and croakers,1,,1,1,2,1,,0,,Ornamental,1,0.0000546,3.202,H,74,PL,18,Randall (1967),Puerto Rico/USVI,Gtholepis thompsoni,
168,STE PLAN,Stegastes planifrons,threespot damselfish,2,13,10,,,0.527,2.8569,damselfishes,1,,1,1,2,1,,0,,Ornamental,1,0.0000527,2.8569,I,40.6,H,28.3,Randall (1967),Puerto Rico/USVI,no,all plankton is zooplankton
169,STE VARI,Stegastes variabilis,cocoa damselfish,2,13,15,,,0.472,2.8365,damselfishes,1,,1,1,2,1,,0,,Ornamental,1,0.0000472,2.8365,H,56.8,I,43.2,Randall (1967),Puerto Rico/USVI,no,
165,STE ADUS,Stegastes adustus,dusky damselfish,2,15,10,,,0.449,2.8956,damselfishes,1,,1,1,2,1,,0,,Ornamental,1,0.0000449,2.8956,H,63.6,I,24,Randall (1967),Puerto Rico/USVI,no,all plankton is zooplankton
163,MIC CHRY,Microspathodon chrysurus,yellowtail damselfish,2,19,10,,,0.198,3.825,damselfishes,1,,1,1,2,1,,0,,Ornamental,1,0.0000198,3.0825,H,92.8,I,7.1,Randall (1967),Puerto Rico/USVI,no,
167,STE PART,Stegastes partitus,bicolor damselfish,2,10,50,,,0.128,3.1519,damselfishes,1,,1,1,2,1,,0,,Ornamental,1,0.0000128,3.1519,H,,,,Hixon (1993),Puerto Rico/USVI,no,diet taken from food items - not diet
164,STE DIEN,Stegastes diencaeus,longfin damselfish,2,13,10,,,0.395,2.9236,damselfishes,1,,1,1,2,1,,0,,Ornamental,1,0.0000395,2.9236,H,,,,Pattengill et al. (1997),Gulf of Mexico,no,diet taken from food items - not diet
148,LAC TRIG,Lactophrys trigonus,trunkfish,5,48,5,,,0.2978731,2.1,boxfishes,1,,1,1,2,1,,0,,Ornamental,0,0.002978731,2.1,I,87.2,H,7.9,Randall (1967),Puerto Rico/USVI,no,
145,LAC BICA,Lactophrys bicaudalis,spotted trunkfish,5,41,5,,,0.274275,2.63,boxfishes,1,,1,1,2,1,,0,,Ornamental,0,0.000274275,2.63,I,83.9,H,16.1,Randall (1967),Puerto Rico/USVI,no,
147,ACA QUAD,Acanthostracion quadricornis,scrawled cowfish,5,46,5,,,0.955,2.2629,boxfishes,1,,1,1,2,1,,0,,Ornamental,0,0.0000955,2.2629,I,85.7,H,11.5,Randall (1967),Puerto Rico/USVI,no,plankton is zooplankton.
149,LAC TRIQ,Lactophrys triqueter,smooth trunkfish,10,30,5,,,0.1819527,2.23,boxfishes,1,,1,1,2,1,,0,,Ornamental,0,0.001819527,2.23,I,89.7,O,8.2,Randall (1967),Puerto Rico/USVI,no,other - unidentified animal material
146,ACA POLY,Acanthostracion polygonia,honeycomb cowfish,5,46,5,,,0.179,3,boxfishes,1,,1,1,2,1,,0,,Ornamental,0,0.0000179,3,,,,,,,,
156,POM PARU,Pomacanthus paru,French angelfish,3,50,10,,,0.152,3.1264,angelfishes,1,,1,1,2,1,,0,,Ornamental,0,0.0000152,3.1264,I,86.4,H,13.5,Randall (1967),Puerto Rico/USVI,no,all plankton is zooplankton
155,POM ARCU,Pomacanthus arcuatus,gray angelfish,3,60,10,,,0.371,2.968,angelfishes,1,,1,1,2,1,,0,,Ornamental,0,0.0000371,2.968,I,86.8,H,8.4,Randall (1967),Puerto Rico/USVI,no,"all plankton is zooplankton, other - detritus (debris)"
154,HOL TRIC,Holacanthus tricolor,rock beauty,3,30,10,,,0.594,2.8577,angelfishes,1,,1,1,2,1,,0,,Ornamental,1,0.0000594,2.8577,I,99.2,H,0.8,Randall (1967),Puerto Rico/USVI,no,
153,HOL CILI,Holacanthus ciliaris,queen angelfish,4,46,10,,,0.424,2.94,angelfishes,1,,1,1,2,1,,0,,Ornamental,0,0.0000424,2.9004,I,98.6,H,1.4,Randall (1967),Puerto Rico/USVI,no,
152,HOL BERM,Holacanthus bermudensis,blue angelfish,3,46,10,,,0.42,2.8994,angelfishes,1,,1,1,2,1,,0,,Ornamental,0,0.0000402,2.8994,I,97.6,H,0.4,Randall (1967),Puerto Rico/USVI,Holacanthus ciliaris,
151,CEN ARGI,Centropyge argi,cherubfish,1,8,10,,,0.498,2.7995,angelfishes,1,,1,1,2,1,,0,,Ornamental,1,0.0000498,2.7995,H,100,,,Randall (1967),Puerto Rico/USVI,no,
348,HOL TOWN,Holocanthus townsendi,townsend angelfish,3,46,10,,,0.42,2.8994,angelfishes,1,,1,1,2,1,,0,,Ornamental,0,0.0000402,2.8994,,,,,,,,
474,OGC NASU,Ogcocephalus nasutus,shortnose batfish,10,38,10,,,,,,1,,1,1,2,1,,0,,Ornamental,0,,,I,80.1,H,11.1,Randall (1967),Puerto Rico/USVI,no,
771,ABU TAUR,Abudefduf taurus,night sergeant,2,18,100,,,,,,1,,1,1,2,1,,0,,,1,,,H,94,I,6,Randall (1967),Puerto Rico/USVI,no,
780,CAN JAME,Canthigaster jamestyleri,goldface toby,2,12,5,,,,,,0,,1,1,2,1,,0,,,1,,,I,69.2,H,16.1,Randall (1967),Puerto Rico/USVI,Canthigaster rostrata,
268,ALB VULP,Albula vulpes,bonefish,10,50,2,,,,,,0,,1,1,2,1,,0,,,0,,,I,81.8,H,13.6,Clark et al. (2009) ,Puerto Rico/USVI,no, Relative Contribution of Food Categories to Diet unclear in FB
769,STE SETI,Stephanolepis setifer,pygmy filefish,2,8,5,,,,,,0,,1,1,2,1,,0,,Ornamental,1,,,H,,,,Sierra et al. (1994),Cuba,no,diet taken from food items - not diet
111,CLE PARR,Clepticus parrae,creole wrasse,2,30,100,,,0.132,3.173,wrasses,0,,1,1,2,1,,0,,Ornamental,0,0.0000132,3.0173,PL,93.6,I,6.4,Randall (1967),Puerto Rico/USVI,no,all plankton is zooplankton 
124,THA BIFA,Thalassoma bifasciatum,bluehead,2,15,100,,,0.13,2.9162,wrasses,0,,1,1,2,1,,0,,Ornamental,0,0.000013,2.9162,I,90.6,P,9.4,Randall (1967),Puerto Rico/USVI,no,
117,HAL POEY,Halichoeres poeyi,blackear wrasse,2,20,10,,,0.18,3.673,wrasses,0,,1,1,2,1,,0,,Ornamental,1,0.0000108,3.0673,I,94.8,P,5.2,Randall (1967),Puerto Rico/USVI,no,
114,HAL GARN,Halichoeres garnoti,yellowhead wrasse,2,20,25,,,0.219,3.375,wrasses,0,,1,1,2,1,,0,,Ornamental,1,0.00000219,3.375,I,96.8,P,3.2,Randall (1967),Puerto Rico/USVI,no,
409,HAL CAUD,Halichoeres caudalis,painted wrasse,3,21,25,,,0.18,3.673,wrasses,0,,1,1,2,1,,0,,Ornamental,1,0.0000108,3.0673,I,98.7,P,5.3,Randall (1967),Puerto Rico/USVI,Halichoeres bivittatus,
113,HAL BIVI,Halichoeres bivittatus,slippery dick,2,23,50,,,0.154,2.9391,wrasses,0,,1,1,2,1,,0,,Ornamental,1,0.0000154,2.9391,I,96.7,P,3.3,Randall (1967),Puerto Rico/USVI,no,
112,DOR MEGA,Doratonotus megalepis,dwarf wrasse,3,8,25,,,0.132,3.173,wrasses,0,,1,1,2,1,,0,,Ornamental,1,0.0000132,3.0173,I,98.7,P,5.3,Randall (1967),Puerto Rico/USVI,Halichoeres bivittatus,
122,XYR SPLE,Xyrichtys splendens,green razorfish,3,14,25,,,0.11823,2.4927,wrasses,0,,1,1,2,1,,0,,Ornamental,1,0.000118023,2.4927,I,85.7,PL,12.6,Randall (1967),Puerto Rico/USVI,no,other - detritus (animal)
115,HAL MACU,Halichoeres maculipinna,clown wrasse,2,17,25,,,0.568,3.693,wrasses,0,,1,1,2,1,,0,,Ornamental,1,0.000000568,3.693,I,89.6,PL,10.4,Randall (1967),Puerto Rico/USVI,no,
120,XYR NOVA,Xyrichtys novacula,pearly razorfish,3,38,25,,,0.11823,2.4927,wrasses,0,,1,1,2,1,,0,,Ornamental,1,0.000118023,2.4927,I,93.7,,,Randall (1967),Puerto Rico/USVI,no,other - detritus (animal)
119,XYR MART,Xyrichtys martinicensis,rosy razorfish,3,15,25,,,0.11823,2.4927,wrasses,0,,1,1,2,1,,0,,Ornamental,1,0.000118023,2.4927,I,100,,,Opitz (1996),Caribbean,no,"food items ref, zoobenthos (3.5 + 0.4)"
123,LAC MAXI,Lachnolaimus maximus,hogfish,10,91,10,,,0.29,2.988,wrasses,0,,1,1,2,1,1,1,,,0,0.0000209,2.988,I,100,,,Randall (1967),Puerto Rico/USVI,no,
118,HAL RADI,Halichoeres radiatus,puddingwife,3,46,5,,,0.112,3.673,wrasses,0,,1,1,2,1,,0,,Ornamental,0,0.0000112,3.0673,I,100,,,Randall (1967),Puerto Rico/USVI,no,
110,BOD RUFU,Bodianus rufus,Spanish hogfish,3,60,5,,,0.128,3.53,wrasses,0,,1,1,2,1,,0,,Ornamental,1,0.0000128,3.053,I,100,,,Randall (1967),Puerto Rico/USVI,no,
116,HAL PICT,Halichoeres pictus,rainbow wrasse,3,18,25,,,0.18,3.673,wrasses,0,,1,1,2,1,,0,,Ornamental,1,0.0000108,3.0673,I ,,,,Opitz (1996),Caribbean,no,"food items ref, zoobenthos (3.5 + 0.4)"
248,BOD PULC,Bodianus pulchellus,spotfin hogfish,3,23,25,,,0.21,2.9992,wrasses,0,,1,1,2,1,,0,,Ornamental,1,0.0000201,2.9992,I ,,,,Sierra et al. (1994),Caribbean,no,
249,HAL CYAN,Halichoeres cyanocephalus,yellowcheek wrasse,3,25,25,,,0.18,3.673,wrasses,0,,1,1,2,1,,0,,Ornamental,1,0.0000108,3.0673,P,,,,Sazima et al. (1998),Brazil,no,"food items ref, zoobenthos/plankton (3.6 + 0.5)"
64,DAS AMER,Dasyatis americana,southern stingray,30,180,5,,,0.114458,2.81,whiptail stingrays,0,,1,1,2,1,,0,,,0,0.000114458,2.81,I,78.2,P,21.8,Randall (1967),Puerto Rico/USVI,no,
13,AUL MACU,Aulostomus maculatus,Atlantic trumpetfish,15,91,5,,,0.418,3.3334,trumpetfishes,0,,1,1,2,1,,0,,Ornamental,0,0.000000418,3.3334,P,73.5,I,26.5,Randall (1967),Puerto Rico/USVI,no,
380,ENN BOEH,Enneanectes boehlkei,roughhead triplefin,1,4,10,,,0.1,3.493,triplefins,0,,1,1,2,0,,0,,,1,0.00001,3.0493,,,,,,,,
20,CAN SUFF,Canthidermis sufflamen,ocean triggerfish,20,61,20,,,0.155,3.5537987,triggerfishes,0,,1,1,2,1,,1,,Ornamental,0,0.0000155,3.055379087,I,54.3,PL,42.8,Randall (1967),Puerto Rico/USVI,no,all plankton is zooplankton
17,BAL VETU,Balistes vetula,queen triggerfish,15,61,10,,,0.273,2.9926414,triggerfishes,0,,1,1,2,1,,0,,Ornamental,0,0.0000273,2.990264014,I,100,,,Randall (1967),Puerto Rico/USVI,no,
134,MAL PLUM,Malacanthus plumieri,sand tilefish,10,60,5,,,0.634,2.629,tilefishes,0,,1,1,2,1,,0,,,1,0.0000634,2.629,I,87.6,P,12.4,Randall (1967),Puerto Rico/USVI,no,
288,ELO SAUR,Elops saurus,ladyfish,50,91,10,,,0.149,2.8798,tenpounders,0,,1,1,2,1,,0,,,0,0.0000149,2.8798,,,,,,,,
66,MEG ATLA,Megalops atlanticus,tarpon,50,240,10,,,0.125,2.9838,tarpons,0,,1,1,2,1,,0,,,0,0.0000125,2.9838,P,100,,,Randall (1967),Puerto Rico/USVI,no,small sample 
150,PEM SCHO,Pempheris schomburgkii,glassy sweeper,3,15,100,,,0.1539,2.62,sweepers,0,,1,1,2,1,,0,,Ornamental,1,0.000105309,2.62,I,,,,Randall (1985),Pacific ,no,
429,AST GUTT,Astroscopus guttatus,northern stargazer,1,50,20,,,,,stargazers,0,,1,1,2,1,,0,,,1,,,,,,,,,,
106,SAR VEXI,Sargocentron vexillarium,dusky squirrelfish,5,18,10,,,0.257,2.9554,squirrelfishes,0,,1,1,2,1,,0,,,1,0.0000257,2.9554,I,94.4,P,5.2,Randall (1967),Puerto Rico/USVI,no,all plankton is zooplankton 
107,MYR JACO,Myripristis jacobus,blackbar soldierfish,5,22,10,,,0.21156,2.72,squirrelfishes,0,,1,1,2,1,,0,,Ornamental,1,0.000211506,2.72,I,94.5,P,5.4,Randall (1967),Puerto Rico/USVI,no,others - unidentified animal material
104,HOL RUFU,Holocentrus rufus,longspine squirrelfish,5,32,10,,,0.131,3.594,squirrelfishes,0,,1,1,2,1,,0,,,1,0.0000131,3.0594,I,98.8,P,1.2,Randall (1967),Puerto Rico/USVI,no,
103,NEO MARI,Neoniphon marianus,longjaw squirrelfish,5,18,10,,,0.198,2.975,squirrelfishes,0,,1,1,2,1,,0,,,1,0.0000198,2.9705,I,98.9,PL,1.1,Randall (1967),Puerto Rico/USVI,no,all plankton is zooplankton 
102,SAR CORU,Sargocentron coruscum,reef squirrelfish,5,14,10,,,0.257,2.9554,squirrelfishes,0,,1,1,2,1,,0,,,1,0.0000257,2.9554,I,100,,,Randall (1967),Puerto Rico/USVI,no,
101,HOL ADSC,Holocentrus adscensionis,squirrelfish,5,41,10,,,0.198,3,squirrelfishes,0,,1,1,2,1,,1,,,1,0.0000198,3,I,100,,,Randall (1967),Puerto Rico/USVI,no,
47,CEN UNDE,Centropomus undecimalis,common snook,30,120,5,,,0.529,3.4,snooks,0,,1,1,2,1,,0,,,0,0.00000529,3.04,,,,,,,,
131,LUT MAHO,Lutjanus mahogoni,mahogany snapper,15,38,15,,,0.817,2.719,snappers,0,,1,1,2,1,1,0,,,1,0.0000817,2.719,P,75,I,25,Randall (1967),Puerto Rico/USVI,no,
130,LUT JOCU,Lutjanus jocu,dog snapper,30,91,3,,,0.159,2.998,snappers,0,,1,1,2,1,1,0,,,1,0.0000159,2.998,P,60.7,I,39.3,Randall (1967),Puerto Rico/USVI,no,
127,LUT BUCC,Lutjanus buccanella,blackfin snapper,5,76,20,,,0.183,2.89,snappers,0,,1,1,2,1,1,1,,,1,0.0000183,2.89,P,61.7,I,40.3,Randall (1967),Puerto Rico/USVI,Lutjanus apodus,
126,LUT APOD,Lutjanus apodus,schoolmaster,10,60,30,,,0.24,2.9779,snappers,0,,1,1,2,1,1,0,,,1,0.0000204,2.9779,P,60.7,I,39.3,Randall (1967),Puerto Rico/USVI,no,
133,OCY CHRY,Ocyurus chrysurus,yellowtail snapper,4,76,100,,,0.775,2.718,snappers,0,,1,1,2,1,,1,,,0,0.0000775,2.718,PL,63.3,I,34.2,Randall (1967),Puerto Rico/USVI,no,all plankton is zooplankton; other- detritus (animal)
132,LUT SYNA,Lutjanus synagris,lane snapper,10,38,50,,,0.452,2.8146,snappers,0,,1,1,2,1,1,1,,,0,0.0000452,2.8146,I,90.9,P,9.1,Clark et al. (2009) ,Puerto Rico/USVI,no,
129,LUT GRIS,Lutjanus griseus,gray snapper,10,60,100,,,0.35,2.889,snappers,0,,1,1,2,1,1,1,,,0,0.0000305,2.8809,I,60.9,P,39.1,Randall (1967),Puerto Rico/USVI,no,
125,LUT ANAL,Lutjanus analis,mutton snapper,30,76,5,,,0.157,3.112,snappers,0,,1,1,2,1,1,1,,,0,0.0000157,3.0112,I,68.3,P,29.8,Randall (1967),Puerto Rico/USVI,no,other - detritus 
128,LUT CYAN,Lutjanus cyanopterus,cubera snapper,50,152,5,,,0.122598,2.88,snappers,0,,1,1,2,1,1,1,,,0,0.000122598,2.88,P,100,,,Randall (1967),Puerto Rico/USVI,no,% empty not provided
250,RHO AURO,Rhomboplites aurorubens,vermilion snapper,5,76,100,,,0.24,2.951,snappers,0,,1,1,2,1,,0,,,0,0.000024,2.951,,,,,,,,
379,PRI AQUI,Pristipomoides aquilonaris,wenchman,5,30,100,,,0.671,2.84,snappers,0,,1,1,2,1,,0,,,0,0.0000671,2.84,,,,,,,,
431,PRI OPHR,Prionotus ophryas,bandtail searobin,5,20,1,,,,,searobins,0,,1,1,2,1,,0,,,1,,,,,,,,,,
109,KYP SECT,Kyphosus sectatrix,Bermuda chub,15,76,50,,,0.145,3.8,sea chubs,0,,1,1,2,1,,0,,,0,0.0000145,3.08,,,,,,,,
218,MYC VENE,Mycteroperca venenosa,yellowfin grouper,30,91,5,,,0.5,3.14,sea basses and groupers,0,,1,1,2,1,1,1,,,1,0.000005,3.14,P,99.2,I,0.8,Randall (1967),Puerto Rico/USVI,no,
217,MYC PHEN,Mycteroperca phenax,scamp,20,60,10,,,0.216,2.94,sea basses and groupers,0,,1,1,2,1,,1,,,0,0.0000216,2.94,P,97,I,3,Bowman et al. (2000),Atlantic ,no,length type not provided
203,EPI STRI,Epinephelus striatus,Nassau grouper,30,122,2,,,0.384,3.229,sea basses and groupers,0,,1,1,2,1,1,0,,,1,0.00000384,3.229,P,54,I,46,Randall (1967),Puerto Rico/USVI,no,
199,CEP CRUE,Cephalopholis cruentata,graysby,8,30,5,,,0.1,3.82,sea basses and groupers,0,,1,1,2,1,1,1,,,1,0.00001,3.082,P,66.2,I,33.8,Randall (1967),Puerto Rico/USVI,no,
219,PAR FURC,Paranthias furcifer,Atlantic creolefish,5,27,50,,,0.122,3.43,sea basses and groupers,0,,1,1,2,1,,1,,Ornamental,0,0.0000122,3.043,I,85.2,O,14.8,Horinouchi (2000),Pacific ,Callionymus enneactis ,other - unidentified animals and eggs
223,SER TIGR,Serranus tigrinus,harlequin bass,3,10,10,,,0.13,3.475,sea basses and groupers,0,,1,1,2,1,,0,,Ornamental,1,0.000013,3.0475,I,90.3,P,9.7,Randall (1967),Puerto Rico/USVI,no,
220,RYP SAPO,Rypticus saponaceus,greater soapfish,10,33,2,,,0.152,3.38,sea basses and groupers,0,,1,1,2,1,,0,,Ornamental,1,0.0000152,3.0038,I,52.1,P,47.9,Randall (1967),Puerto Rico/USVI,no,
212,HYP UNIC,Hypoplectrus unicolor,butter hamlet,3,13,10,,,0.767,3.111,sea basses and groupers,0,,1,1,2,1,,0,,Ornamental,1,0.00000767,3.111,I,75,P,25,Randall (1967),Puerto Rico/USVI,Hypoplectrus chlorurus,
210,HYP PUEL,Hypoplectrus puella,barred hamlet,3,15,5,,,0.767,3.111,sea basses and groupers,0,,1,1,2,1,,0,,Ornamental,1,0.00000767,3.111,I,81.1,P,10,Randall (1967),Puerto Rico/USVI,no,
209,HYP NIGR,Hypoplectrus nigricans,black hamlet,3,15,5,,,0.767,3.111,sea basses and groupers,0,,1,1,2,1,,0,,Ornamental,1,0.00000767,3.111,I,55.8,P,44.2,Randall (1967),Puerto Rico/USVI,no,Randall ref only not FB- no trophic level provided
208,HYP INDI,Hypoplectrus indigo,indigo hamlet,3,14,5,,,0.767,3.111,sea basses and groupers,0,,1,1,2,1,,0,,Ornamental,1,0.00000767,3.111,I,75,P,25,Randall (1967),Puerto Rico/USVI,Hypoplectrus chlorurus,
206,HYP GUTT,Hypoplectrus guttavarius,shy hamlet,3,13,5,,,0.767,3.111,sea basses and groupers,0,,1,1,2,1,,0,,Ornamental,1,0.00000767,3.111,I,75,P,25,Randall (1967),Puerto Rico/USVI,Hypoplectrus chlorurus,
204,HYP CHLO,Hypoplectrus chlorurus,yellowtail hamlet,3,13,5,,,0.767,3.111,sea basses and groupers,0,,1,1,2,1,,0,,,1,0.00000767,3.111,I,75,P,25,Randall (1967),Puerto Rico/USVI,no,
202,EPI MORI,Epinephelus morio,red grouper,30,91,5,,,0.113,3.35,sea basses and groupers,0,,1,1,2,1,,1,,,0,0.0000113,3.035,I,83.3,P,16.7,Randall (1967),Puerto Rico/USVI,no,
201,EPI GUTT,Epinephelus guttatus,red hind,20,60,5,,,0.857,3.1124,sea basses and groupers,0,,1,1,2,1,1,1,,,1,0.00000857,3.1124,I,78.9,P,21.1,Randall (1967),Puerto Rico/USVI,no,
198,EPI ADSC,Epinephelus adscensionis,rock hind,20,60,5,,,0.142,3.187,sea basses and groupers,0,,1,1,2,1,1,1,,,1,0.0000142,3.0187,I,79.9,P,20.1,Randall (1967),Puerto Rico/USVI,no,
200,CEP FULV,Cephalopholis fulva,coney,10,41,5,,,0.174,3,sea basses and groupers,0,,1,1,2,1,1,0,,,1,0.0000174,3,I,54,P,46,Randall (1967),Puerto Rico/USVI,no,
383,ALP AFER,Alphestes afer,mutton hamlet,10,30,10,,,0.152,3.38,sea basses and groupers,0,,1,1,2,1,,0,,Ornamental,1,0.0000152,3.0038,I,93,P,7,Randall (1967),Puerto Rico/USVI,no,
197,DIP FORM,Diplectrum formosum,sand perch,3,30,5,,,0.952,3.781,sea basses and groupers,0,,1,1,2,1,,0,,,0,0.00000952,3.0781,P,97.5,PL,2.5,Bowman et al. (2000),Atlantic ,no,length type not provided; plankton is zooplankton
222,SER TABA,Serranus tabacarius,tobaccofish,5,18,5,,,0.272,2.8528,sea basses and groupers,0,,1,1,2,1,,0,,Ornamental,1,0.0000272,2.8528,P,100,,,Randall (1967),Puerto Rico/USVI,no,small sample 
221,SER BALD,Serranus baldwini,lantern bass,3,6,5,,,0.118,3.358,sea basses and groupers,0,,1,1,2,1,,0,,Ornamental,1,0.0000118,3.0358,P,100,,,Randall (1967),Puerto Rico/USVI,Serranus tabacarius,
255,SER ANNU,Serranus annularis,orangeback bass,3,6,5,,,0.272,2.8528,sea basses and groupers,0,,1,1,2,1,,0,,Ornamental,1,0.0000272,2.8528,P,100,,,Randall (1967),Puerto Rico/USVI,Serranus tabacarius,
254,MYC TIGR,Mycteroperca tigris,tiger grouper,30,107,5,,,0.713,3.12,sea basses and groupers,0,,1,1,2,1,1,0,,,1,0.00000713,3.12,P,100,,,Randall (1967),Puerto Rico/USVI,no,
215,MYC INTE,Mycteroperca interstitialis,yellowmouth grouper,30,76,5,,,0.216,2.94,sea basses and groupers,0,,1,1,2,1,1,1,,,1,0.0000216,2.94,P,100,,,Randall (1967),Puerto Rico/USVI,no,
214,MYC BONA,Mycteroperca bonaci,black grouper,30,122,5,,,0.43,3.25,sea basses and groupers,0,,1,1,2,1,,1,,,1,0.0000043,3.205,P,100,,,Randall (1967),Puerto Rico/USVI,no,
384,LIO RUBE,Liopropoma rubre,peppermint basslet,1,9,10,,,0.152,3.38,sea basses and groupers,0,,1,1,2,1,,0,,Ornamental,1,0.0000152,3.0038,P,,,,Masuda et al. (1993),Pacific ,Lipropoma latifasciatum,
315,DER INER,Dermatolepis inermis,marbled grouper,50,91,2,,,0.17,3,sea basses and groupers,0,,1,1,2,1,,0,,,1,0.000017,3,P ,,,,Pattengill et al. (1997),Gulf of Mexico,no,diet taken from food items - not diet
224,SER TORT,Serranus tortugarum,chalk bass,1,9,10,,,0.272,2.8528,sea basses and groupers,0,,1,1,2,1,,0,,Ornamental,1,0.0000272,2.8528,PL,100,,,Randall (1967),Puerto Rico/USVI,no,"all plankton is zooplankton, small sample "
410,SCH BETA,Schultzea beta,school bass,1,8,250,,,0.152,3.38,sea basses and groupers,0,,1,1,2,1,,0,,,1,0.0000152,3.0038,Z,100,,,Lieske & Myers (1994),Caribbean,,
407,SER SUBL,Serranus subligarius,belted sandfish,1,10,5,,,0.272,2.8528,sea basses and groupers,0,,1,1,2,1,,0,,Ornamental,1,0.0000272,2.8528,,,,,,,,
432,RYP MACU,Rypticus maculatus,whitespotted soapfish,10,33,2,,,,,sea basses and groupers,0,,1,1,2,1,,0,,,1,,,,,,,,,,
216,MYC MICR,Mycteroperca microlepis,gag,30,91,5,,,0.121,3.35,sea basses and groupers,0,,1,1,2,1,,1,,,1,0.0000121,3.0305,,,,,,,,
211,HYP TANN,Hypoplectrus tann,tan hamlet,3,13,5,,,0.767,3.111,sea basses and groupers,0,,1,1,2,1,,0,,,1,0.00000767,3.111,,,,,,,,
207,HYP HYBR,Hypoplectrus hybrid,hybrid hamlet,3,13,5,,,0.767,3.111,sea basses and groupers,0,,1,1,2,1,,0,,,1,0.00000767,3.111,,,,,,,,
205,HYP GEMM,Hypoplectrus gemma,blue hamlet,3,13,5,,,0.767,3.111,sea basses and groupers,0,,1,1,2,1,,0,,Ornamental,1,0.00000767,3.111,,,,,,,,
253,EPI ITAJ,Epinephelus itajara,goliath grouper,75,244,5,,,0.115,3.56,sea basses and groupers,0,,1,1,2,1,,0,,,1,0.0000115,3.056,,,,,,,,
316,EPI FLAV,Epinephelus flavolimbatus,yellowedge grouper,30,75,2,,,0.792,2.8,sea basses and groupers,0,,1,1,2,1,,0,,,1,0.0000792,2.8,,,,,,,,
433,PTE VOLI,Pterois volitans,red lionfish,2,40,10,,,0.289,2.89,scorpionfishes,0,,1,1,2,1,,0,,,1,0.0000289,2.89,P,78,I,14,Morris & Akins (2009),Caribbean/Bahamas,no,"Randall, J.E., G.R. Allen and R.C. Steene 1990 Fishes of the Great Barrier Reef and Coral Sea. University of Hawaii Press, Honolulu, Hawaii. 506 p."
196,SCO PLUM,Scorpaena plumieri,spotted scorpionfish,5,30,10,,,0.275,2.9486,scorpionfishes,0,,1,1,2,1,,0,,,1,0.0000275,2.9486,I,57.8,PL,42.2,Randall (1967),Puerto Rico/USVI,no,plankton is zooplankton
392,SCO CARI,Scorpaenodes caribbaeus,reef scorpionfish,5,10,10,,,0.273,2.9581,scorpionfishes,0,,1,1,2,1,,0,,,1,0.0000273,2.9581,,,,,,,,
328,PAR ALBI,Paralichthys albigutta,Gulf flounder,10,38,5,,,0.594,3.1237,sand flounders,0,,1,1,2,0,,0,,,1,0.00000594,3.1237,,,,,,,,
244,URO JAMA,Urobatis jamaicensis,yellow stingray,10,35,3,,,0.595,3.826,round stingrays,0,,1,1,2,1,,0,,Ornamental,1,0.00000595,3.0826,,,,,,,,
46,CAR LIMB,Carcharhinus limbatus,blacktip shark,100,250,3,,,0.596,3.1,requiem sharks,0,,1,1,2,1,,0,,,0,0.00000596,3.01,P,93.4,I,6.5,Cortes (1999),Gulf of Mexico ,no,Literature review - mulitple locations and refs used
387,CAR PERE,Carcharhinus perezii,reef shark,100,300,3,,,0.445,3.1151,requiem sharks,0,,1,1,2,1,,0,,,0,0.00000445,3.1151,,,,,,,,
142,CAR LEUC,Carcharhinus leucas,bull shark,100,350,3,,,0.133,2.923,requiem sharks,0,,1,1,2,1,,0,,,0,0.0000133,2.923,,,,,,,,
279,CAR FALC,Carcharhinus falciformis,silky shark,100,350,3,,,0.88,3.6,requiem sharks,0,,1,1,2,0,,0,,,0,0.0000088,3.06,,,,,,,,
287,REM REMO,Remora remora,remora,20,78,5,,,0.553,2.923,remoras,0,,1,1,2,0,,0,,,0,0.00000553,2.9203,PL,40,I,30,Randall (1967),Puerto Rico/USVI,no,"plankton is zooplankton; other- detritus (animal), Small Sample"
421,ECH NEUC,Echeneis neucratoides,whitefin sharksucker,20,75,5,,,0.553,2.923,remoras,0,,1,1,2,0,,0,,,0,0.00000553,2.9203,PL,41,O,36,Randall (1967),Puerto Rico/USVI,Echeneis ucrates,
65,ECH NAUC,Echeneis naucrates,sharksucker,10,90,2,,,0.553,2.923,remoras,0,,1,1,2,0,,0,,,0,0.00000553,2.9203,PL,40,O,35,Randall (1967),Puerto Rico/USVI,no,plankton is zooplankton; other- detritus (animal)
243,SPH SPEN,Sphoeroides spengleri,bandtail puffer,2,18,10,,,0.579,3.267,puffers,0,,1,1,2,1,,0,,,0,0.00000579,3.267,I,85.4,O,7.7,Randall (1967),Puerto Rico/USVI,no,other - unidentified animal material and organic detritus 
264,SPH TEST,Sphoeroides testudineus,checkered puffer,2,30,10,,,0.225,3.8,puffers,0,,1,1,2,1,,0,,,1,0.0000225,3.008,I,,,,Austin et al. (1971),Puerto Rico/USVI,no,diet taken from food items - not diet
228,CAL PENN,Calamus penna,sheepshead porgy,5,46,10,,,0.165994,2.663,porgies,0,,1,1,2,1,,0,,,0,0.000165994,2.663,I,100,,,Randall (1967),Puerto Rico/USVI,no,
312,CAL NODO,Calamus nodosus,knobbed porgy,5,50,10,,,0.571,3.13,porgies,0,,1,1,2,1,,1,,,0,0.00000571,3.13,I,100,,,Randall (1967),Puerto Rico/USVI,Calamus pen,
227,CAL CALA,Calamus calamus,saucereye porgy,3,41,10,,,0.679,2.89,porgies,0,,1,1,2,1,1,0,,,0,0.0000679,2.8009,I,98.5,,,Randall (1967),Puerto Rico/USVI,no,other - detritus
226,CAL BAJO,Calamus bajonado,jolthead porgy,5,60,10,,,0.668,2.8175,porgies,0,,1,1,2,1,1,1,,,0,0.0000668,2.8175,I,99.7,,,Randall (1967),Puerto Rico/USVI,no,other - unidentified animal material
260,PAG PAGR,Pagrus pagrus,red porgy,5,91,10,,,0.22,3.27,porgies,0,,1,1,2,1,,1,,,0,0.0000202,3.0027,,,,,,,,
259,LAG RHOM,Lagodon rhomboides,pinfish,5,35,10,,,0.29,3.11,porgies,0,,1,1,2,1,,0,,,0,0.0000209,3.11,,,,,,,,
231,DIP HOLB,Diplodus holbrookii,spottail pinfish,5,46,10,,,0.198,3.5,porgies,0,,1,1,2,1,,0,,,0,0.0000198,3.0005,,,,,,,,
258,DIP ARGE,Diplodus argenteus,silver porgy,5,30,10,,,0.198,3.5,porgies,0,,1,1,2,1,,0,,,0,0.0000198,3.0005,,,,,,,,
229,CAL PROR,Calamus proridens,littlehead porgy,5,46,10,,,0.241,3,porgies,0,,1,1,2,1,,1,,,0,0.0000241,3,,,,,,,,
257,ARC PROB,Archosargus probatocephalus,sheepshead,5,91,10,,,0.267,3.45,porgies,0,,1,1,2,1,,0,,,0,0.0000267,3.045,,,,,,,,
241,DIO HYST,Diodon hystrix,porcupinefish,5,91,10,,,0.65965,2.472,porcupinefishes,0,,1,1,2,1,,0,,Ornamental,1,0.000650965,2.472,I,99.7,O,0.3,Randall (1967),Puerto Rico/USVI,no,other- detritus (animal)
240,DIO HOLO,Diodon holocanthus,balloonfish,5,50,10,,,0.876,2.397867396,porcupinefishes,0,,1,1,2,1,,0,,Ornamental,1,0.0000876,2.397867396,I,100,,,Randall (1967),Puerto Rico/USVI,no,
239,CHI ANTE,Chilomycterus antennatus,bridled burrfish,5,23,10,,,0.1376,2.752,porcupinefishes,0,,1,1,2,1,,0,,,1,0.000137006,2.752,I,100,,,Randall (1967),Puerto Rico/USVI,no,
263,CHI SCHO,Chilomycterus schoepfii,striped burrfish,5,25,10,,,0.1376,2.752,porcupinefishes,0,,1,1,2,1,,0,,Ornamental,1,0.000137006,2.752,,,,,,,,
12,HYP HARR,Hypoatherina harringtonensis,reef silverside,1,10,1000,,,0.12,2.9415,Old World silversides,0,,,1,1,0,,0,,,0,0.000012,2.9415,,,,,,,,
11,ATH STIP,Atherinomorus stipes,hardhead silverside,1,10,1000,,,0.56,3.1938,Old World silversides,0,,,1,1,0,,0,,,0,0.00000506,3.1938,,,,,,,,
172,GIN CIRR,Ginglymostoma cirratum,nurse shark,30,425,3,,,0.135,2.891754982,nurse sharks,0,,1,1,2,1,,0,,,0,0.0000135,2.891754982,I,75,P,25,Cortes (1999),Gulf of Mexico ,no,Lit review - multi locations/refs;
25,TYL CROC,Tylosurus crocodilus,houndfish,30,150,5,,,0.499,3.25,needlefishes,0,,1,1,2,0,,0,,,0,0.000000499,3.205,,,,,,,,
24,STR TIMU,Strongylura timucu,timucu,5,61,5,,,0.264,2.9394,needlefishes,0,,1,1,2,0,,0,,,0,0.00000264,2.9394,,,,,,,,
381,STR NOTA,Strongylura notata,redfin needlefish,5,61,5,,,0.264,2.9394,needlefishes,0,,1,1,2,0,,0,,,0,0.00000264,2.9394,,,,,,,,
140,GYM VICI,Gymnothorax vicinus,purplemouth moray,20,122,5,,,0.118,3.426,morays,0,,1,1,2,1,,0,,Ornamental,1,0.00000118,3.0426,P,62.5,I,37.5,Randall (1967),Puerto Rico/USVI,no,
5,GYM MILI,Gymnothorax miliaris,goldentail moray,20,60,5,,,0.294,2.5736,morays,0,,1,1,2,1,,0,,Ornamental,1,0.00000294,2.5736,I ,,,,Pattengill et al. (1997),Gulf of Mexico ,no,diet taken from food items - not diet
139,GYM MORI,Gymnothorax moringa,spotted moray,20,122,5,,,0.696,3.1577,morays,0,,1,1,2,1,,0,,Ornamental,1,0.000000696,3.1577,P,,,,Carvalho-Filho (1999),Atlantic ,no,
138,GYM FUNE,Gymnothorax funebris,green moray,20,244,5,,,0.571,2.856,morays,0,,1,1,2,1,,0,,Ornamental,1,0.00000571,2.856,P,100,,,Randall (1967),Puerto Rico/USVI,no,diet taken from food items - not diet
435,ENC NIGR,Enchelycore nigricans,viper moray,20,80,5,,,0.17,3,morays,0,,1,1,2,1,,0,,Ornamental,1,0.0000017,3,P,,,,Lieske & Myers (1994),Atlantic ,Enchelyssa cani,
252,MUR RETI,Muraena retifera,reticulate moray,20,60,5,,,0.156,2.982,morays,0,,1,1,2,1,,0,,Ornamental,1,0.00000156,2.982,,,,,,,,
251,GYM SAXI,Gymnothorax saxicola,honeycomb moray,20,60,5,,,0.118,3.426,morays,0,,1,1,2,1,,0,,Ornamental,1,0.00000118,3.0426,,,,,,,,
71,GER CINE,Gerres cinereus,yellowfin mojarra,5,41,50,,,0.15,3.519,mojarras,0,,1,1,2,1,,0,,,0,0.000015,3.0519,I,98.9,O,1.1,Randall (1967),Puerto Rico/USVI,no,Other -unidentified animal material
335,EUC GULA,Eucinostomus gula,silver jenny,5,18,50,,,0.787,3.25,mojarras,0,,1,1,2,1,,0,,,0,0.00000787,3.25,I,,,,Austin et al. (1971),Caribbean,Eucinostomus argentus,                 Relative Contribution of Food Categories to Diet unclear in FB
70,EUC ARGE,Eucinostomus argenteus,spotfin mojarra,5,20,50,,,0.541,3.175,mojarras,0,,1,1,2,1,,0,,,0,0.00000541,3.175,,,,,,,,
135,MAN BIRO,Manta birostris,giant manta,100,670,5,,,0.164,3,mantas,0,,1,1,2,0,,0,,,0,0.0000164,3,PL,,,,Masuda et al. (1993),Pacific ,no,
195,SCO REGA,Scomberomorus regalis,cero,25,86,5,,,0.32,2.8,mackerels,0,,1,1,2,1,,0,,,0,0.000032,2.8,P,98.4,I,1.6,Randall (1967),Puerto Rico/USVI,no,
305,EUT ALLE,Euthynnus alletteratus,little tunny,25,100,5,,,0.163,3,mackerels,0,,1,1,2,1,,0,,,0,0.0000163,3,P,56.7,I,43.3,Randall (1967),Puerto Rico/USVI,no,"Mota Alves, M.I., L.P. Aragäo 1977 Aspectos da biometria e biologia do bonito, Euthynnus alleterattus (Rafinisque) (Pisces: Scombridade). Arquivos de Ciências do Mar 17(2):95-100."
194,SCO MACU,Scomberomorus maculatus,Spanish mackerel,25,83,5,,,0.597,3.2,mackerels,0,,1,1,2,1,,0,,,0,0.00000597,3.002,,,,,,,,
193,SCO CAVA,Scomberomorus cavalla,king mackerel,25,170,5,,,0.842,2.999,mackerels,0,,1,1,2,1,,0,,,0,0.00000842,2.999,,,,,,,,
237,SYN INTE,Synodus intermedius,sand diver,5,45,10,,,0.993,2.9988,lizardfishes,0,,1,1,2,1,,0,,,1,0.00000993,2.9988,P,94.5,I,5.5,Randall (1967),Puerto Rico/USVI,no,
236,SYN FOET,Synodus foetens,inshore lizardfish,5,45,10,,,0.93,2.9787,lizardfishes,0,,1,1,2,1,,0,,,1,0.00000903,2.9787,P,100,,,Randall (1967),Puerto Rico/USVI,no,small sample 
31,BOT LUNA,Bothus lunatus,peacock flounder,10,45,5,,,0.634,3.18941576,lefteye flounders,0,,1,1,2,0,,0,,,1,0.00000634,3.189410576,P,85.7,I,14.3,Randall (1967),Puerto Rico/USVI,no,
32,BOT OCEL,Bothus ocellatus,eyed flounder,10,15,5,,,0.434,3.226,lefteye flounders,0,,1,1,2,0,,0,,,1,0.00000434,3.226,I,71.7,P,28.3,Randall (1967),Puerto Rico/USVI,no,
144,OPI WHIT,Opistognathus whitehursti,dusky jawfish,3,10,15,,,0.12,2.995,jawfishes,0,,1,1,2,0,,0,,Ornamental,1,0.000012,2.995,P,50,I,50,Randall (1967),Puerto Rico/USVI,no,
143,OPI AURI,Opistognathus aurifrons,yellowhead jawfish,3,10,15,,,0.12,2.995,jawfishes,0,,1,1,2,1,,0,,Ornamental,1,0.000012,2.995,PL,88.4,I,9.7,Randall (1967),Puerto Rico/USVI,no,plankton is zoolplankton; other- detritus (animal)
391,OPI MACR,Opistognathus macrognathus,banded jawfish,3,20,15,,,0.12,2.995,jawfishes,0,,1,1,2,1,,0,,Ornamental,1,0.000012,2.995,P ,,,,Cervigon (1994),Venezuela,no,diet taken from food items - not diet
43,SER DUME,Seriola dumerili,greater amberjack,30,150,10,,,0.53,2.8914845,jacks,0,,1,1,2,1,,0,,,0,0.0000503,2.809148045,P,99.5,I,0.5,Sierra et al. (1994),Cuba,no,% empty not provided
38,CAR LATU,Caranx latus,horse-eye jack,25,75,100,,,0.225,2.97,jacks,0,,1,1,2,1,,0,,,0,0.0000225,2.97,P,87.1,I,12.9,Randall (1967),Puerto Rico/USVI,no,
37,CAR HIPP,Caranx hippos,crevalle jack,25,150,100,,,0.955,2.734448643,jacks,0,,1,1,2,1,,0,,,0,0.0000955,2.734448643,P,57.1,I,42.9,Clark et al. (2009) ,Puerto Rico/USVI,no,diet taken from food items - not diet
36,CAR CRYS,Caranx crysos,blue runner,5,50,100,,,0.16987,2.69,jacks,0,,1,1,2,1,,0,,,0,0.000106987,2.69,P,87,I,10.6,Randall (1967),Puerto Rico/USVI,no,all plankton is zooplankton; other - detritus (animal)
40,DEC MACA,Decapterus macarellus,mackerel scad,5,30,100,,,0.78,3.15,jacks,0,,,1,1,0,,0,,,0,0.00000708,3.15,PL,98.2,I,1.8,Randall (1967),Puerto Rico/USVI,no,
45,TRA FALC,Trachinotus falcatus,permit,30,114,50,,,0.836,2.83,jacks,0,,1,1,2,1,,0,,,0,0.0000836,2.803,I,100,,,Randall (1967),Puerto Rico/USVI,no,small sample 
34,ALE CILI,Alectis ciliaris,African pompano,10,110,5,,,0.582,2.85,jacks,0,,1,1,2,1,,0,,,0,0.0000582,2.85,I ,,,,"Smith-Vaniz, W.F. (1995)",Pacific ,no,Only reference is from Columbia on Pacific Coast
121,SER RIVO,Seriola rivoliana,almaco jack,20,80,10,,,0.433,3.17,jacks,0,,1,1,2,1,,0,,,0,0.00000433,3.17,P,100,,,Barreiros et. al (2003),Azores Islands,no,
386,CAR LUGU,Caranx lugubris,black jack,25,100,100,,,0.198,3.1,jacks,0,,1,1,2,1,,0,,,0,0.0000198,3.001,P,100,,,Randall (1967),Puerto Rico/USVI,no,
35,CAR BART,Carangoides bartholomaei,yellow jack,20,100,10,,,0.32,2.9857846,jacks,0,,1,1,2,1,,0,,,0,0.000032,2.908507846,P,100,,,Randall (1967),Puerto Rico/USVI,no,
105,SEL VOME,Selene vomer,lookdown,5,30,5,,,0.164,3.75752861,jacks,0,,1,1,2,1,,0,,,0,0.0000164,3.075752861,,,,,,,,
272,OLI SAUR,Oligoplites saurus,leatherjack,10,35,50,,,0.162,2.92,jacks,0,,1,1,2,1,,0,,,0,0.0000162,2.92,,,,,,,,
42,ELA BIPI,Elagatis bipinnulata,rainbow runner,30,110,100,,,0.162,2.92,jacks,0,,1,1,2,1,,0,,,0,0.0000162,2.92,,,,,,,,
41,DEC PUNC,Decapterus punctatus,round scad,5,23,100,,,0.122,2.99,jacks,0,,,1,1,0,,0,,,0,0.0000122,2.99,,,,,,,,
39,CAR RUBE,Caranx ruber,bar jack,5,60,100,,,0.429,3.236983681,jacks,0,,1,1,2,1,,0,,,0,0.00000429,3.236983681,,,,,,,,
416,SAR AURI,Sardinella aurita,Spanish sardine,1,25,1000,,,0.413,3.1,herrings,0,,,1,1,0,,0,,,0,0.00000413,3.1,,,,,,,,
62,HAR JAGU,Harengula jaguana,scaled sardine,1,18,1000,,,0.556,3.28,herrings,0,,,1,1,0,,0,,,0,0.00000556,3.28,,,,,,,,
422,HAR HUME,Harengula humeralis,redear sardine,1,18,1000,,,0.556,3.28,herrings,0,,,1,1,0,,0,,,0,0.00000556,3.28,,,,,,,,
52,AMB PINO,Amblycirrhitus pinos,redspotted hawkfish,2,10,5,,,0.974,3.42659715,hawkfishes,0,,1,1,2,1,,0,,Ornamental,1,0.000000974,3.426590715,I,54.2,PL,45.8,Randall (1967),Puerto Rico/USVI,no,plankton is zooplankton
314,SPH TIBU,Sphyrna tiburo,bonnethead,30,150,5,,,0.297,3.372,hammerhead sharks,0,,1,1,2,1,,0,,,0,0.000000297,3.372,,,,,,,,
235,SPH MOKA,Sphyrna mokarran,great hammerhead,100,610,2,,,0.131,3.16,hammerhead sharks,0,,1,1,2,1,,0,,,0,0.00000131,3.16,,,,,,,,
234,SPH LEWI,Sphyrna lewini,scalloped hammerhead,100,420,2,,,0.28,3.129,hammerhead sharks,0,,1,1,2,1,,0,,,0,0.00000208,3.129,,,,,,,,
68,HEM BRAS,Hemiramphus brasiliensis,ballyhoo,5,40,1000,,,0.118,3.249,halfbeaks,0,,,1,1,0,,0,,,0,0.00000118,3.249,,,,,,,,
332,CHR ATHE,Chriodorus atherinoides,hardhead halfbeak,5,25,5,,,0.353,3.21,halfbeaks,0,,1,1,2,0,,0,,,0,0.00000353,3.0201,,,,,,,,
100,HAE STRI,Haemulon striatum,striped grunt,5,28,100,,,0.241,2.951,grunts,0,,1,1,2,1,,0,,,0,0.0000241,2.951,I,85.7,H,14.3,Clark et al. (2009) ,Puerto Rico/USVI,no,
98,HAE SCIU,Haemulon sciurus,bluestriped grunt,3,46,100,,,0.194,2.9996,grunts,0,,1,1,2,1,1,0,,,0,0.0000194,2.9996,I,96.9,P,3.1,Randall (1967),Puerto Rico/USVI,no,
97,HAE PLUM,Haemulon plumierii,white grunt,3,46,100,,,0.835,3.1612,grunts,0,,1,1,2,1,1,1,,,0,0.00000835,3.1612,I,96.6,P,3.4,Randall (1967),Puerto Rico/USVI,no,
92,HAE CHRY,Haemulon chrysargyreum,smallmouth grunt,3,25,50,,,0.117,3.8,grunts,0,,1,1,2,1,,0,,,0,0.0000117,3.08,I,58.8,P,40.6,Randall (1967),Puerto Rico/USVI,no,
91,HAE CARB,Haemulon carbonarium,caesar grunt,3,38,30,,,0.735,2.74,grunts,0,,1,1,2,1,,0,,,0,0.0000735,2.74,I,99.1,P,0.9,Randall (1967),Puerto Rico/USVI,no,
89,HAE ALBU,Haemulon album,margate,25,69,10,,,0.123,3.7,grunts,0,,1,1,2,1,1,1,,,0,0.0000123,3.07,I,98,P,2,Randall (1967),Puerto Rico/USVI,no,
87,ANI SURI,Anisotremus surinamensis,black margate,15,60,5,,,0.239,3.391648512,grunts,0,,1,1,2,1,,1,,,0,0.00000239,3.391648512,I,98.5,P,1.5,Randall (1967),Puerto Rico/USVI,no,
90,HAE AURO,Haemulon aurolineatum,tomtate,3,25,250,,,0.62,3.277,grunts,0,,1,1,2,1,1,1,,,0,0.0000062,3.2077,I,84.5,PL,15.5,Randall (1967),Puerto Rico/USVI,no,all plankton is zooplankton
88,ANI VIRG,Anisotremus virginicus,porkfish,3,36,30,,,0.11,3.16747164,grunts,0,,1,1,2,1,1,0,,Ornamental,0,0.0000101,3.167407164,I,99,PL,1,Randall (1967),Puerto Rico/USVI,no,All plankton is zooplankton
96,HAE PARR,Haemulon parra,sailors choice,3,43,25,,,0.22,2.9932,grunts,0,,1,1,2,1,,1,,,0,0.0000202,2.9932,I,100,,,Randall (1967),Puerto Rico/USVI,no,
95,HAE MELA,Haemulon melanurum,cottonwick,3,33,50,,,0.211,3.295,grunts,0,,1,1,2,1,1,0,,,0,0.0000211,3.0295,I,,,,Sierra et al. (1994),Cuba,no,diet taken from food items - not diet
94,HAE MACR,Haemulon macrostomum,Spanish grunt,3,43,10,,,0.153,3.6,grunts,0,,1,1,2,1,,0,,,0,0.0000153,3.06,I,100,,,Randall (1967),Puerto Rico/USVI,no,Randall ref only not FB- no trophic level provided
93,HAE FLAV,Haemulon flavolineatum,French grunt,3,30,100,,,0.93,3.1581,grunts,0,,1,1,2,1,1,0,,,0,0.00000903,3.1581,I,100,,,Randall (1967),Puerto Rico/USVI,no,
247,ORT CHRY,Orthopristis chrysoptera,pigfish,10,45,10,,,0.614,3.1893,grunts,0,,1,1,2,1,,1,,,0,0.00000614,3.1893,,,,,,,,
137,PSE MACU,Pseudupeneus maculatus,spotted goatfish,5,28,10,,,0.15,3.257,goatfishes,0,,1,1,2,1,,0,,,0,0.000015,3.0257,I ,95.6,P,4.4,Randall (1967),Puerto Rico/USVI ,no,
136,MUL MART,Mulloidichthys martinicus,yellow goatfish,3,40,50,,,0.457,3.6627,goatfishes,0,,1,1,2,1,,0,,,0,0.000000457,3.6627,I,71.8,PL,28.2,Randall (1967),Puerto Rico/USVI,no,plankton is zooplankton 
1,ANT OCEL,Antennarius ocellatus,ocellated frogfish,1,38,5,,,0.51,3,frogfishes,0,,1,1,2,1,,0,,Ornamental,1,0.0000051,3,,,,,,,,
23,MON TUCK,Monacanthus tuckeri,slender filefish,1,9,5,,,0.83,2.685,filefishes,0,,1,1,2,1,,0,,Ornamental,1,0.000083,2.685,PL,41.7,I,17,Randall (1967),Puerto Rico/USVI,no,"all plankton is zooplankton, other - debris (unid org)"
76,ALU MONO,Aluterus monoceros,unicorn filefish,1,60,5,,,0.213,2.96,filefishes,0,,1,1,2,1,,0,,Ornamental,0,0.0000213,2.96,I,,,,Lopez-Peralta & Arcila (2002),Colombia,no,
22,STE HISP,Stephanolepis hispidus,planehead filefish,1,25,5,,,0.12254,2.618,filefishes,0,,1,1,2,1,,0,,Ornamental,0,0.000120254,2.618,,,,,,,,
14,ALU SCHO,Aluterus schoepfii,orange filefish,10,51,5,,,0.69,3,filefishes,0,,1,1,2,1,,0,,Ornamental,0,0.0000069,3,,,,,,,,
430,NAR BANC,Narcine bancroftii,lesser electric ray,10,50,1,,,,,electric rays,0,,1,1,2,1,,0,,,1,,,,,,,,,,
141,AET NARI,Aetobatus narinari,spotted eagle ray,50,244,10,,,0.437,3.13,eagle rays,0,,1,1,2,1,,0,,,0,0.00000437,3.13,I,100,,,Randall (1967),Puerto Rico/USVI,no,small sample 
192,ODO DENT,Odontoscion dentex,reef croaker,5,30,10,,,0.13,3.73,drums and croakers,0,,1,1,2,1,,0,,Ornamental,1,0.0000103,3.0073,PL,77,I,23,Randall (1967),Puerto Rico/USVI,no,
190,EQU PUNC,Equetus punctatus,spotted drum,3,28,10,,,0.158,3.844,drums and croakers,0,,1,1,2,1,,0,,Ornamental,1,0.000000158,3.844,I,99.6,P,0.4,Randall (1967),Puerto Rico/USVI,no,
189,EQU LANC,Equetus lanceolatus,jackknife-fish,3,23,10,,,0.157,3.8444,drums and croakers,0,,1,1,2,1,,0,,Ornamental,1,0.000000157,3.8444,I,100,,,Randall (1967),Puerto Rico/USVI,no,
191,PAR UMBR,Pareques umbrosus,cubbyu,3,25,10,,,0.546,3.22,drums and croakers,0,,1,1,2,1,,0,,Ornamental,1,0.0000546,3.202,,,,,,,,
33,PAR BAIR,Paradiplogrammus bairdi,lancer dragonet,1,12,10,,,0.212,2.7535,dragonets,0,,1,1,2,1,,0,,,1,0.0000212,2.7535,I,94.7,P,3.7,Randall (1967),Puerto Rico/USVI,no,
83,PTE HELE,Ptereleotris helenae,hovering dartfish,1,13,20,,,0.91,3,dartfishes,0,,1,1,2,1,,0,,,1,0.0000091,3,PL,100,,,Lieske & Myers (1994),Caribbean,no,diet taken from food items - not diet
82,PTE CALL,Ptereleotris calliura,blue dartfish,1,13,20,,,0.91,3,dartfishes,0,,1,1,2,1,,0,,,1,0.0000091,3,Z,100,,,"Pattengill, C.V., B.X. Semmens and S.R. Gittings, 1997. Reef fish trophic structure at the Flower Gardens and Stetson Bank, NW Gulf of Mexico. Proc. 8th Int. Coral Reef Sym. 1:1023-1028.",Flower Garden Banks,,
158,CHR CYAN,Chromis cyanea,blue chromis,2,13,75,,,0.214,2.9653,damselfishes,0,,1,1,2,1,,0,,Ornamental,1,0.0000214,2.9653,PL,57.4,I,42.6,Randall (1967),Puerto Rico/USVI,no,all plankton is zooplankton 
166,STE LEUC,Stegastes leucostictus,beaugregory,2,10,10,,,0.393,2.8868,damselfishes,0,,1,1,2,1,,0,,Ornamental,1,0.0000393,2.8868,I,36,PL,27.7,Randall (1967),Puerto Rico/USVI,no,all plankton is zooplankton
161,CHR MULT,Chromis multilineata,brown chromis,2,17,75,,,0.214,2.9653,damselfishes,0,,1,1,2,1,,0,,Ornamental,0,0.0000214,2.9653,I,94.1,PL,4.7,Randall (1967),Puerto Rico/USVI,no,"all plankton is zooplankton, other - detritus (animal)"
157,ABU SAXA,Abudefduf saxatilis,sergeant major,2,18,100,,,0.164,3.142,damselfishes,0,,1,1,2,1,,0,,Ornamental,1,0.0000164,3.142,I,63.5,PL,13.6,Randall (1967),Puerto Rico/USVI,no,
162,CHR SCOT,Chromis scotti,purple reeffish,2,10,50,,,0.214,2.9653,damselfishes,0,,1,1,2,1,,0,,Ornamental,1,0.0000214,2.9653,PL ,,,,Pattengill et al. (1997),Gulf of Mexico ,no,
160,CHR INSO,Chromis insolata,sunshinefish,1,10,20,,,0.214,2.9653,damselfishes,0,,1,1,2,1,,0,,Ornamental,1,0.0000214,2.9653,PL ,,,,Cervigon (1993),Bahamas  ,no,
159,CHR ENCH,Chromis enchrysura,yellowtail reeffish,1,10,25,,,0.214,2.9653,damselfishes,0,,1,1,2,1,,0,,Ornamental,1,0.0000214,2.9653,,,,,,,,
69,FIS TABA,Fistularia tabacaria,bluespotted cornetfish,30,180,5,,,0.136,2.59,cornetfishes,0,,1,1,2,1,,0,,Ornamental,0,0.0000136,2.59,P,100,,,Randall (1967),Puerto Rico/USVI,no,
388,APO TOWN,Apogon townsendi,belted cardinalfish,1,7,5,,,0.14,3.1295,cardinalfishes,0,,1,1,2,1,,0,,Ornamental,1,0.0000104,3.1295,I,90.2,PL,9.8,Randall (1967),Puerto Rico/USVI,Apogon maculatus,
26,APO MACU,Apogon maculatus,flamefish,1,12,5,,,0.133,3.73,cardinalfishes,0,,1,1,2,1,,0,,Ornamental,1,0.0000133,3.073,I,90.2,PL,9.8,Randall (1967),Puerto Rico/USVI,no,all plankton is zooplankton
319,AST STEL,Astrapogon stellatus,conchfish,1,8,5,,,0.142,3.77,cardinalfishes,0,,1,1,2,1,,0,,Ornamental,1,0.0000142,3.077,I ,,,,Smith (1997),Atlantic ,no,diet taken from food items - not diet
44,APO QUAD,Apogon quadrisquamatus,sawcheek cardinalfish,1,7,5,,,0.14,3.1295,cardinalfishes,0,,1,1,2,1,,0,,Ornamental,1,0.0000104,3.1295,PL ,,,,Hixon (1993),Puerto Rico/USVI,no,diet taken from food items - not diet
10,APO PSEU,Apogon pseudomaculatus,twospot cardinalfish,1,12,5,,,0.228,2.943,cardinalfishes,0,,1,1,2,1,,0,,Ornamental,1,0.0000228,2.943,PL ,,,,Pattengill et al. (1997),Atlantic ,no,diet taken from food items - not diet
2,APO BINO,Apogon binotatus,barred cardinalfish,1,12,5,,,0.14,3.1295,cardinalfishes,0,,1,1,2,1,,0,,Ornamental,1,0.0000104,3.1295,PL ,,,,Hixon (1993),Puerto Rico/USVI,no,diet taken from food items - not diet
385,APO AURO,Apogon aurolineatus,bridle cardinalfish,1,7,5,,,0.14,3.1295,cardinalfishes,0,,1,1,2,1,,0,,Ornamental,1,0.0000104,3.1295,PL ,,,,Hixon (1993),Puerto Rico/USVI,no,diet taken from food items - not diet
186,PRO ACUL,Prognathodes aculeatus,longsnout butterflyfish,2,9,10,,,0.256,3.6,butterflyfishes,0,,1,1,2,1,,0,,Ornamental,0,0.0000256,3.0006,I,62.8,O,26.6,Randall (1967),Puerto Rico/USVI,no,"other - detritus (animal), small sample "
50,CHA SEDE,Chaetodon sedentarius,reef butterflyfish,3,15,10,,,0.211,3.76,butterflyfishes,0,,1,1,2,1,,0,,Ornamental,0,0.0000211,3.076,I,56.7,O,43.3,Randall (1967),Puerto Rico/USVI,no,other- unidentified animal material
48,CHA CAPI,Chaetodon capistratus,foureye butterflyfish,2,15,10,,,0.129,3.19,butterflyfishes,0,,1,1,2,1,,0,,Ornamental,0,0.00000129,3.19,I,76.8,O ,23.2,Randall (1967),Puerto Rico/USVI,no,other- unidentified animal material
51,CHA STRI,Chaetodon striatus,banded butterflyfish,2,15,10,,,0.161,3.14,butterflyfishes,0,,1,1,2,1,,0,,Ornamental,0,0.0000161,3.14,I,100,,,Randall (1967),Puerto Rico/USVI,no,
49,CHA OCEL,Chaetodon ocellatus,spotfin butterflyfish,2,20,10,,,0.33,2.984,butterflyfishes,0,,1,1,2,1,,0,,Ornamental,0,0.000033,2.984,I ,,,,Pattengill et al. (1997),Gulf of Mexico ,no,diet taken from food items - not diet
108,INE VITT,Inermia vittata,boga,5,23,100,,,0.162,2.92,bonnetmouths,0,,1,1,2,1,,0,,,0,0.0000162,2.92,PL,95.4,P,3.3,Randall (1967),Puerto Rico/USVI,no,
170,PRI AREN,Priacanthus arenatus,bigeye,5,30,50,,,0.119,3.387,bigeyes,0,,1,1,2,1,,1,,,1,0.0000119,3.0387,PL,50.4,I,49.6,Randall (1967),Puerto Rico/USVI,no,plankton is zooplankton
171,HET CRUE,Heteropriacanthus cruentatus,glasseye snapper,5,34,50,,,0.188,3,bigeyes,0,,1,1,2,1,,0,,,1,0.0000188,3,PL,76.4,I,23.6,Randall (1967),Puerto Rico/USVI,no,plankton is zooplankton
709,OGC SPE.,Ogcocephalus sp.,batfish species,10,38,10,,,0.133,3.626,batfishes,0,,,1,1,0,,0,,Ornamental,1,0.0000133,3.0626,,,,,,,,
428,GRA LORE,Gramma loreto,fairy basslet,1,8,20,,,0.2,3,basslets,0,,1,1,2,1,,0,,,1,0.00002,3,I,100,,,Bohlke & Randall (1963),Atlantic,no,"food items ref, zoobenthos (3.3 + 0.4)"
262,SPH PICU,Sphyraena picudilla,southern sennet,10,46,20,,,0.766,2.9417,barracudas,0,,1,1,2,1,,0,,,0,0.00000766,2.9417,P,82.1,I,17.9,Randall (1967),Puerto Rico/USVI,no,
232,SPH BARR,Sphyraena barracuda,great barracuda,30,200,20,,,0.747,2.972,barracudas,0,,1,1,2,1,1,1,,,0,0.00000747,2.972,P,95.5,I,2.6,Randall (1967),Puerto Rico/USVI,no,plankton is zooplankton 
261,SPH GUAC,Sphyraena guachancho,guaguanche,10,60,20,,,0.174,2.88,barracudas,0,,1,1,2,1,,0,,,0,0.0000174,2.88,,,,,,,,
382,ANC LYOL,Anchoa lyolepis,dusky anchovy,1,9,1000,,,0.372,3.1694,anchovies,0,,,1,1,0,,0,,,0,0.00000372,3.1694,,,,,,,,
278,TRA GOOD,Trachinotus goodei,palometa,20,50,25,,,,,,0,,1,1,2,1,,0,,,0,,,P,85.2,I,14.8,Randall (1967),Puerto Rico/USVI,no,
835,SYN SAUR,Synodus saurus,bluestriped lizardfish,2,25,2,,,,,,0,,1,1,2,1,,0,,,0,,,P,98.3,I,1.7,Soares et al. (2003),Atlantic ,no,diet taken from food items - not diet
827,SAR SARD,Sarda sarda,Atlantic bonito,30,75,30,,,,,,0,,1,1,2,1,,0,,,0,,,P,81,I,19,Bowman et al. (2000),Atlantic ,no,
822,PLA ARGA,Platybelone argalus argalus,keeltail needlefish,10,43,15,,,,,,0,,1,1,2,0,,0,,,0,,,P,97,I,3,Randall (1967),Puerto Rico/USVI,no,I is zoobenthose (carpenter ants)
461,CAR PLUM,Carcharhinus plumbeus,sandbar shark,100,240,3,,,,,,0,,1,1,2,1,,0,,,0,,,P,98.2,I,1,Bowman et al. (2000),Mid Atlantic,no,0.8 is detritus (animal remains)
821,PEP TRIA,Peprilus triacanthus ,American butterfish,10,30,100,,,,,,0,,1,1,2,0,,0,,,0,,,PL,68.8,I,31.2,Randall (1967),Puerto Rico/USVI,no,Other - detritus 
470,GAL CUVI,Galeocerdo cuvier,tiger shark,100,732,1,,,,,,0,,1,1,2,1,,0,,,0,,,P,50,O,50,Randall (1967),Puerto Rico/USVI,no,other - herps/reptiles (sea turtles)
476,RYP BIST,Rypticus bistrispinus,freckled soapfish,5,15,2,,,,,,0,,1,1,2,1,,0,,,0,,,I,51.1,P,46.9,Randall (1967),Puerto Rico/USVI,Rypticus sapoceus,
455,MYR OCEL,Myrichthys ocellatus,goldspotted eel,50,107,2,,,0.989,3.5,,0,,1,1,2,1,,0,,Ornamental,1,0.000000989,3.005,I,96.8,P,3.2,Randall (1967),Puerto Rico/USVI,no,
803,HAL BURE,Halichoeres burekae,mardi gras wrasse,2,20,25,,,,,,0,,1,1,2,1,,0,,Ornamental,1,,,I,97.7,P,4.3,Randall (1967),Puerto Rico/USVI,Halichoeres bivittatus,
448,DAC VOLI,Dactylopterus volitans,flying gurnard,5,46,5,,,0.344,2.8,,0,,1,1,2,1,,0,,,1,0.0000344,2.8,I,95,P,5,Randall (1967),Puerto Rico/USVI,no,
778,BOT SPE.,Bothus species,lefteye flounders,10,45,5,,,,,,0,,1,1,2,0,,0,,,0,,,I,71.7,P,28.3,Randall (1967),Puerto Rico/USVI,Bothus ocellatus,
774,APO LACH,Apogon lachneri,whitestar cardinalfish,1,12,5,,,,,,0,,1,1,2,1,,0,,,1,,,I,90.2,PL,9.8,Randall (1967),Puerto Rico/USVI,Apogon maculatus,
829,SEL CRUM,Selar crumenophthalmus,bigeye scad,20,60,100,,,,,,0,,,1,1,0,,0,,,0,,,P,50,PL,50,Randall (1967),Puerto Rico/USVI,no,all plankton is zooplankton and uniform percents
462,SAR BULL,Sargocentron bullisi,deepwater squirrelfish,5,13,5,,,,,,0,,1,1,2,1,,0,,,1,,,I,99,,,Randall (1967),Puerto Rico/USVI,Sargocentron coruscum,
450,MYR BREV,Myrichthys breviceps,sharptail eel,50,107,2,,,0.989,3.5,,0,,1,1,2,1,,0,,Ornamental,1,0.000000989,3.005,I,100,,,Randall (1967),Puerto Rico/USVI,no,
800,EUC MELA,Eucinostomus melanopterus,flagfin mojarra,2,25,10,,,,,,0,,1,1,2,1,,0,,,0,,,I,,,,Austin et al. (1971),Caribbean,Eucinostomus argentus,                 Relative Contribution of Food Categories to Diet unclear in FB
336,EUC JONE,Eucinostomus jonesii,slender mojarra,5,20,10,,,,,,0,,1,1,2,1,,0,,,0,,,I,,,,Austin et al. (1971),Caribbean,Eucinostomus argentus,
791,ECH CATE,Echidna catenata,chain moray,20,60,3,,,,,,0,,1,1,2,1,,0,,Ornamental,0,,,I,100,,,Randall (1967),Puerto Rico/USVI,no,
782,CEN AURA,Centropyge aurantonotus,flameback angelfish,1,8,10,,,,,,0,,1,1,2,1,,0,,,1,,,I,,,,Figueirdo (2002),Atlantic ,no,
775,ARI BALE,Ariosoma balearicum,bandtooth conger,10,30,10,,,,,,0,,1,1,2,1,,0,,Ornamental,0,,,I,,,,Bauchot & Saldanha (1986),Atlantic,no,
805,HYP ABER,Hypoplectrus aberrans,yellowbelly hamlet,3,13,5,,,,,,0,,1,1,2,1,,0,,,1,,,I ,,,,Ogden et al. (1975),Puerto Rico/USVI,no,diet taken from food items - not diet
779,CAL PENA,Calamus pennatula,pluma porgy ,5,50,10,,,,,,0,,1,1,2,1,,0,,,0,,,I ,100,,,Randall (1967),Puerto Rico/USVI,no,
63,AST PUNC,Astrapogon puncticulatus,blackfin cardinalfish,1,12,5,,,0.142,3.77,,0,,1,1,2,1,,0,,,1,0.0000142,3.077,I ,,,,Smith (1997),Atlantic ,Astrapogon stellatus,
830,SER FLAV,Serranus flaviventris,twinspot bass,3,10,10,,,,,,0,,1,1,2,1,,0,,,1,,,P,100,,,Randall (1967),Puerto Rico/USVI,Serranus tabacarius,
831,SER PUMI,Serraniculus pumilio,pygmy sea bass,2,10,5,,,,,,0,,1,1,2,1,,0,,,0,,,P,100,,,Randall (1967),Puerto Rico/USVI,Serranus tabacarius,
807,LON MICR,Lonchopisthus micrognathus,swordtail jawfish,2,10,10,,,,,,0,,1,1,2,1,,0,,Ornamental,1,,,P,,,,Cervignon (1994),Atlantic ,Lonchopisthus higmani ,
770,ABL HIAN,Ablennes hians,flat needlefish,20,70,50,,,,,,0,,1,1,2,0,,0,,,0,,,P,,,,da Silva Monteiro (1998),Atlantic ,no,
434,EMM ATLA,Emmelichthyops atlanticus,bonnetmouth,2,25,100,,,,,,0,,1,1,2,1,,0,,,0,,,P ,,,,Robins & Ray (1986),Atlantic ,no,"food items ref, zoobenthos (3.9 + 0.6)"
837,XAN RING,Xanthichthys ringens,sargassum triggerfish,2,8,5,,,,,,0,,1,1,2,0,,0,,,0,,,Z,100,,,Turingan (1994),Puerto Rico,no,XANO food items ref - XANO trophic
471,UPE PARV,Upeneus parvus,dwarf goatfish,5,20,5,,,,,,0,,1,1,2,1,,0,,,0,,,,,,,,,,
459,UMB CORO,Umbrina coroides,sand drum,5,30,5,,,,,,0,,1,1,2,1,,0,,,0,,,,,,,,,,
465,TRA LATH,Trachurus lathami,rough scad,10,40,200,,,,,,0,,,1,1,0,,0,,,0,,,,,,,,,,
445,SYN SYNO,Synodus synodus,red lizardfish,5,25,2,,,,,,0,,1,1,2,1,,0,,,1,,,,,,,,,,
99,SYA MICR,Syacium micrurum,channel flounder,10,45,2,,,0.249,3.285,,0,,1,1,2,0,,0,,,1,0.00000249,3.285,,,,,,,,
446,STY LATE,Stygnobrotula latebricola,black brotula,2,8,5,,,,,,0,,1,1,2,1,,0,,Ornamental,1,,,,,,,,,,
364,SPH NEPH,Sphoeroides nephelus,southern puffer,5,30,5,,,,,,0,,1,1,2,1,,0,,,1,,,,,,,,,,
256,SER PHOE,Serranus phoebe,tattler,3,10,5,,,0.272,2.8528,,0,,1,1,2,1,,0,,,1,0.0000272,2.8528,,,,,,,,
464,SER ZONA,Seriola zonata,banded rudderfish,20,75,15,,,,,,0,,1,1,2,1,,0,,,0,,,,,,,,,,
846,RHI TERR,Rhizoprionodon terraenovae,Atlantic sharpnose shark,50,90,1,,,,,,0,,1,1,2,0,,0,,,0,,,,,,,,,,
473,RHI BONA,Rhinoptera bonasus,cownose ray,20,213,2,,,,,,0,,1,1,2,1,,0,,,0,,,,,,,,,,
451,RHI LENT,Rhinobatos lentiginosus,Atlantic guitarfish,20,76,2,,,0.372,2.9737,,0,,1,1,2,1,,0,,,1,0.00000372,2.9737,,,,,,,,
301,RAC CANA,Rachycentron canadum,cobia,30,150,1,,,,,,0,,1,1,2,1,,0,,,0,,,,,,,,,,
825,PRO AYA_,Prognathodes aya,bank butterflyfish,2,15,10,,,,,,0,,1,1,2,1,,0,,,0,,,,,,,,,,
427,PRI PECT,Pristis pectinata,smalltooth sawfish,100,500,1,,,0.155,3.4,,0,,1,1,2,0,,0,,,0,0.00000155,3.04,,,,,,,,
469,PRI RUBI,Prionotus rubio,blackwing searobin,5,30,2,,,,,,0,,1,1,2,1,,0,,,1,,,,,,,,,,
823,PLA ORBI,Platax orbicularis,orbicular batfish,10,60,5,,,,,,0,,1,1,2,1,,0,,Ornamental,0,,,,,,,,,,
408,PHA XENU,Phaeoptyx xenus,sponge cardinalfish,2,10,5,,,0.523,3.255,,0,,1,1,2,1,,0,,,1,0.00000523,3.255,,,,,,,,
820,PAR INCI,Parasphyraenops incisus,splitfin bass,1,4,5,,,,,,0,,1,1,2,1,,0,,,0,,,,,,,,,,
463,OPS TAU_,Opsanus tau,oyster toadfish,5,38,5,,,,,,0,,1,1,2,1,,0,,Ornamental,1,,,,,,,,,,
816,OPI MAXI,Opistognathus maxillosus,mottled jawfish,2,18,15,,,,,,0,,1,1,2,1,,0,,Ornamental,1,,,,,,,,,,
281,NEG BREV,Negaprion brevirostris,lemon shark,50,250,1,,,,,,0,,1,1,2,1,,0,,,0,,,,,,,,,,
414,MYC ACUT,Mycteroperca acutirostris,western comb grouper,10,75,1,,,0.152,3.38,,0,,1,1,2,1,,0,,,1,0.0000152,3.0038,,,,,,,,
296,LUT CAMP,Lutjanus campechanus,red snapper,40,91,5,,,,,,0,,1,1,2,1,,0,,,0,,,,,,,,,,
290,IST PLAT,Istiophorus platypterus,sailfish,100,250,1,,,0.262,2.7278,,0,,1,1,2,0,,0,,,0,0.0000262,2.7278,,,,,,,,
454,HYP GUMM,Hypoplectrus gummigutta,golden hamlet,3,12,5,,,0.767,3.111,,0,,1,1,2,1,,0,,,1,0.00000767,3.111,,,,,,,,
346,GYM NIGR,Gymnothorax nigromarginatus,blackedge moray,20,122,5,,,0.118,3.426,,0,,1,1,2,1,,0,,Ornamental,1,0.00000118,3.0426,,,,,,,,
466,EUC LEFR,Eucinostomus lefroyi,mottled mojarra,5,23,10,,,,,,0,,1,1,2,1,,0,,,0,,,,,,,,,,
406,EPI NIVE,Epinephelus niveatus,Snowy grouper,10,100,1,,,0.288,2.93,,0,,1,1,2,1,,0,,,1,0.0000288,2.93,,,,,,,,
310,EPI DRUM,Epinephelus drummondhayi,speckled hind,20,60,6,,,,,,0,,1,1,2,1,,0,,,1,,,,,,,,,,
424,ENN ALTI,Enneanectes altivelis,lofty triplefin,1,5,5,,,,,,0,,1,1,2,0,,0,,,1,,,,,,,,,,
472,ENC CARY,Enchelycore carychroa,chestnut moray,5,33,5,,,,,,0,,1,1,2,1,,0,,Ornamental,0,,,,,,,,,,
447,CHL CHRY,Chloroscombus chrysurus,Atlantic bumper,5,30,100,,,,,,0,,1,1,2,0,,0,,,0,,,,,,,,,,
449,CHI ATIN,Chilomycterus atinga,spotted burrfish,5,36,10,,,,,,0,,1,1,2,1,,0,,,1,,,,,,,,,,
467,CEN STRI,Centropristis striata,black sea bass,5,60,10,,,,,,0,,1,1,2,1,,0,,,1,,,,,,,,,,
475,CEN OCYU,Centropristis ocyurus,bank sea bass,5,35,10,,,,,,0,,1,1,2,1,,0,,,0,,,,,,,,,,
460,CAR OBSC,Carcharhinus obscurus,dusky shark,100,420,3,,,,,,0,,1,1,2,1,,0,,,0,,,,,,,,,,
468,CAL LEUC,Calamus leucosteus,whitebone porgy,5,46,10,,,,,,0,,1,1,2,1,,0,,,0,,,,,,,,,,
395,BRO BARB,Brotula barbata,Atlantic bearded brotula,10,70,1,,,,,,0,,1,1,2,1,,0,,,1,,,,,,,,,,
776,AST Y-GR,Astroscopus y-graecum,southern stargazer,1,44,20,,,,,,0,,1,1,2,1,,0,,,0,,,,,,,,,,
426,APO PHEN,Apogon phenax,mimic cardinalfish,1,12,5,,,0.14,3.1295,,0,,1,1,2,1,,0,,,1,0.0000104,3.1295,,,,,,,,
303,ACA SOLA,Acanthocybium solandri,wahoo,50,210,3,,,,,,0,,1,1,2,1,,0,,,0,,,,,,,,,,
765,HOA SPE.,Holacanthus species,angelfish Holacanthus,3,45,10,,,,,,0,,1,,1,0,,0,,,0,,,I,97.6,H,0.4,Randall (1967),Puerto Rico/USVI,Holacanthus ciliaris,
710,SPA SPE.,Sparisoma sp.,parrotfish species,2,30,50,,,0.153,3.252,parrotfishes,0,,,,0,0,,0,,Ornamental,0,0.0000153,3.0252,,,,,,,,
753,SCA SPE.,Scarus sp.,parrotfish species,2,50,50,,,0.167,3.455,parrotfishes,0,,,,0,0,,0,,Ornamental,0,0.0000167,3.0455,,,,,,,,
30,SCA CRIS,Scartella cristata,molly miller,1,10,5,,,0.18,2.4144,combtooth blennies,0,,1,,1,0,,0,,Ornamental,1,0.0000108,2.4144,H,99.2,I,0.8,Randall (1967),Puerto Rico/USVI,no,
29,OPH MACC,Ophioblennius macclurei,redlip blenny,1,13,5,,,0.135377,2.379,combtooth blennies,0,,1,,1,0,,0,,Ornamental,1,0.000135377,2.379,H,99.5,O,0.5,Randall (1967),Puerto Rico/USVI,no,
81,PAR MARM,Parablennius marmoreus,seaweed blenny,1,9,5,,,0.13,3.249,combtooth blennies,0,,1,,1,0,,0,,Ornamental,1,0.0000103,3.0249,PL,64,I,27.6,Randall (1967),Puerto Rico/USVI,no,
27,HYP BERM,Hypleurochilus bermudensis,barred blenny,1,10,5,,,0.114,3.33245596,combtooth blennies,0,,1,,1,0,,0,,Ornamental,1,0.0000114,3.033245596,,,,,,,,
341,CTE SAEP,Ctenogobius saepepallens,dash goby,1,5,5,,,0.17,3.1,gobies,0,,1,,1,0,,0,,Ornamental,1,0.0000107,3.01,I,50,H,50,Randall (1967),Puerto Rico/USVI,Coryphopterus glaucofraenum,
394,COR LIPE,Coryphopterus lipernes,peppermint goby,1,3,5,,,0.145,2.987,gobies,0,,1,,1,0,,0,,Ornamental,1,0.0000145,2.987,I,50,H,50,Randall (1967),Puerto Rico/USVI,Coryphopterus glaucofraenum,
74,COR GLAU,Coryphopterus glaucofraenum,bridled goby,2,8,100,,,0.142,2.967372891,gobies,0,,1,,1,0,,0,,Ornamental,1,0.0000142,2.967372891,I,50,H,50,Randall (1967),Puerto Rico/USVI,no,
72,COR DICR,Coryphopterus dicrus,colon goby,1,5,5,,,0.145,2.987,gobies,0,,1,,1,0,,0,,Ornamental,1,0.0000145,2.987,I,50,H,50,Randall (1967),Puerto Rico/USVI,Coryphopterus glaucofraenum,
73,COR EIDO,Coryphopterus eidolon,pallid goby,1,5,5,,,0.145,2.987,gobies,0,,1,,1,0,,0,,Ornamental,1,0.0000145,2.987,H ,,,,Pattengill et al. (1997),Gulf of Mexico,no,"food items ref, plants (2.0 + 0.0)"
245,NES LONG,Nes longus,orangespotted goby,1,10,5,,,0.916,3.25,gobies,0,,1,,1,0,,0,,Ornamental,1,0.00000916,3.0205,H,74,PL,18,Randall (1967),Puerto Rico/USVI,Gtholepis thompsoni,
84,MIC CARR,Microgobius carri,Seminole goby,1,13,50,,,0.79,3,gobies,0,,1,,1,0,,0,,Ornamental,1,0.0000079,3,H,74,PL,18,Randall (1967),Puerto Rico/USVI,Gtholepis thompsoni,
77,GNA THOM,Gnatholepis thompsoni,goldspot goby,1,8,5,,,0.599,3.76696753,gobies,0,,1,,1,0,,0,,Ornamental,1,0.000000599,3.766906753,H,74,PL,18,Randall (1967),Puerto Rico/USVI,no,plankton is zooplankton
826,RIS RUBE,Risor ruber,tusked goby,1,5,5,,,,,,0,,1,,1,0,,0,,Ornamental,1,,,I,50,H,50,Randall (1967),Puerto Rico/USVI,Coryphopterus glaucofraenum,
824,POM SPE.,Pomacanthus species,angelfish Pomacanthus ,3,45,10,,,,,,0,,1,,1,0,,0,,,0,,,I,86.8,H,8.4,Randall (1967),Puerto Rico/USVI,Pomacanthus arcuatus,
801,GOB GROS,Gobiosoma grosvenori,rockcut goby,1,5,5,,,,,,0,,1,,1,0,,0,,Ornamental,1,,,I,50,H,50,Randall (1967),Puerto Rico/USVI,Coryphopterus glaucofraenum,
789,CTE STIG,Ctenogobius stigmaticus,marked goby,1,5,5,,,,,,0,,1,,1,0,,0,,Ornamental,1,,,I,50,H,50,Randall (1967),Puerto Rico/USVI,Coryphopterus glaucofraenum,
781,CAN SPE.,Canthigaster species,puffers,2,12,15,,,,,,0,,1,,1,0,,0,,,1,,,I,69.2,H,16.1,Randall (1967),Puerto Rico/USVI,Canthigaster rostrata,
811,MUG CEPH,Mugil cephalus,striped mullet,20,75,100,,,,,,0,,1,,1,0,,0,,,0,,,H,82.9,I,9.2,Wells (1984),Pacific ,no,
799,ENT NIGR,Entomacrodus nigricans,pearl blenny,1,5,5,,,,,,0,,1,,1,0,,0,,Ornamental,1,,,H,96.4,I,3.6,Randall (1967),Puerto Rico/USVI,no,
810,MIC SPE.,Microgobius species,goby Microgobius,1,5,5,,,,,,0,,1,,1,0,,0,,Ornamental,1,,,H,74,PL,18,Randall (1967),Puerto Rico/USVI,Gtholepis thompsoni,
809,MIC SIGN,Microgobius signatus,dashback goby,1,5,5,,,,,,0,,1,,1,0,,0,,Ornamental,1,,,H,74,PL,18,Randall (1967),Puerto Rico/USVI,Gtholepis thompsoni,
766,LOP CYPR,Lophogobius cyprinoides,crested goby,1,5,5,,,,,,0,,1,,1,0,,0,,Ornamental,1,,,H,74,PL,18,Randall (1967),Puerto Rico/USVI,Gtholepis thompsoni,
436,BOL BOQU,Bollmannia boqueronensis,white-eye goby,1,5,5,,,,,,0,,1,,1,0,,0,,Ornamental,1,,,H,74,PL,18,Randall (1967),Puerto Rico/USVI,Gtholepis thompsoni,
797,ENG SPE.,Engraulidae species,anchovy species,2,30,1000,,,,,,0,,,,0,0,,0,,,0,,,H,,,,Sergipense et al. (1999),Pacific ,Cetengraulis edentulus ,
708,XYR SPE.,razorfish species,razorfish species,3,15,25,,,0.11823,2.4927,wrasses,0,,,,0,0,,0,,Ornamental,1,0.000118023,2.4927,,,,,,,,
747,LAB SPE.,Labrisomid sp.,labrisomid blenny species,1,6,10,,,0.6,3.181,wrasses,0,,,,0,0,,0,,Ornamental,1,0.000006,3.181,,,,,,,,
230,CHA LIMB,Chaenopsis limbaughi,yellowface pikeblenny,1,9,20,,,0.84,2.962,tube blennies,0,,1,,1,0,,0,,Ornamental,1,0.0000084,2.962,I,,,,Bohlke & Chaplin (1993),Bahamas,no,"food items ref, zoobenthos (3.1 + 0.3)"
55,EMB PAND,Emblemaria pandionis,sailfin blenny,1,7,20,,,0.84,2.962,tube blennies,0,,1,,1,0,,0,,Ornamental,1,0.0000084,2.962,PL,,,,Pattengill et al. (1997),Gulf of Mexico ,no,
393,ACA MARI,Acanthemblemaria maria,secretary blenny,1,5,5,,,0.84,2.962,tube blennies,0,,1,,1,0,,0,,Ornamental,1,0.0000084,2.962,PL ,,,,Bohlke & Chaplin (1993),Bahamas,Acanthemblemaria aspera,
53,ACA ASPE,Acanthemblemaria aspera,roughhead blenny,1,4,20,,,0.84,2.962,tube blennies,0,,1,,1,0,,0,,Ornamental,1,0.0000084,2.962,PL  ,,,,Bohlke & Chaplin (1993),Bahamas,no,"food items ref, zoobenthos (3.1 + 0.3)"
56,HEM SIMU,Hemiemblemaria simula,wrasse blenny,1,10,20,,,0.84,2.962,tube blennies,0,,1,,1,0,,0,,Ornamental,1,0.0000084,2.962,,,,,,,,
242,EMB BAHA,Emblemariopsis bahamensis,blackhead blenny,1,3,20,,,0.84,2.962,tube blennies,0,,1,,1,0,,0,,Ornamental,1,0.0000084,2.962,,,,,,,,
54,ACA CHAP,Acanthemblemaria chaplini,papillose blenny,1,5,20,,,0.84,2.962,tube blennies,0,,1,,1,0,,0,,Ornamental,1,0.0000084,2.962,,,,,,,,
713,BAL SPE.,Balistes sp.,triggerfish species,5,60,50,,,0.421,2.862,triggerfishes,0,,,,0,0,,0,,Ornamental,0,0.0000421,2.8602,,,,,,,,
734,ACA SPE.,Acanthurus sp.,surgeonfish species,2,38,50,,,0.239,2.9435,surgeonfishes,0,,,,0,0,,0,,Ornamental,0,0.0000239,2.9435,,,,,,,,
707,HOL SPE.,squirrelfish species,squirrelfish species,5,20,10,,,0.226,2.9942,squirrelfishes,0,,,,0,0,,0,,,1,0.0000226,2.9942,,,,,,,,
724,LUT SPE.,snapper species,snapper species,5,75,100,,,0.18,2.9719,snappers,0,,,,0,0,,0,,,0,0.000018,2.9719,,,,,,,,
444,AHL EGMO,Ahlia egmontis,key worm eel,20,38,2,,,0.989,3.5,snake eels,0,,1,,1,1,,0,,Ornamental,1,0.000000989,3.005,,,,,,,,
213,LIO EUKR,Liopropoma eukrines,wrasse basslet,1,13,10,,,0.152,3.38,sea basses and groupers,0,,1,,1,1,,0,,Ornamental,1,0.0000152,3.0038,,,,,,,,
745,HYP SPE.,Hypoplectrus sp.,hamlet species,3,13,5,,,0.767,3.111,sea basses and groupers,0,,,,0,0,,0,,,1,0.00000767,3.111,,,,,,,,
731,SRR SPE.,grouper-sea bass species,grouper-sea bass species,5,100,5,,,,,sea basses and groupers,0,,,,0,0,,0,,,0,,,,,,,,,,
711,CAL SPE.,porgy species,porgy species,5,30,10,,,0.68,2.8662,porgies,0,,,,0,0,,0,,,0,0.0000608,2.8662,,,,,,,,
712,DIO SPE.,puffer species,puffer species,5,50,10,,,0.46778,2.5355,porcupinefishes,0,,,,0,0,,0,,,0,0.000467708,2.5355,,,,,,,,
57,LAB NUCH,Labrisomus nuchipinnis,hairy blenny,1,23,10,,,0.6,3.181,labrisomid blennies,0,,1,,1,0,,0,,Ornamental,1,0.000006,3.181,I,89.5,P,10.5,Randall (1967),Puerto Rico/USVI,no,
411,LAB FILA,Labrisomus filamentosus,quillfin blenny,1,6,10,,,0.6,3.181,labrisomid blennies,0,,1,,1,0,,0,,Ornamental,1,0.000006,3.181,I,88.5,P,9.5,Randall (1967),Puerto Rico/USVI,Labrisomus nuchipinnis,
4,MAL VERS,Malacoctenus versicolor,barfin blenny,1,6,10,,,0.439,2.6477,labrisomid blennies,0,,1,,1,0,,0,,Ornamental,1,0.0000439,2.6477,I ,,,,Cervigon (1994),Venezuela,no,Relative Contribution of Food Categories to Diet unclear in FB
59,MAL TRIA,Malacoctenus triangulatus,saddled blenny,1,6,10,,,0.439,2.6477,labrisomid blennies,0,,1,,1,0,,0,,Ornamental,1,0.0000439,2.6477,I ,,,,Cervigon (1994),Venezuela,Malacoctenus versicolor,"food items ref, zoobenthos (3.5 + 0.5)"
58,MAL MACR,Malacoctenus macropus,rosy blenny,1,6,10,,,0.658,2.72,labrisomid blennies,0,,1,,1,0,,0,,Ornamental,1,0.0000658,2.72,I ,,,,Cervigon (1994),Venezuela,Malacoctenus versicolor,
3,MAL GILL,Malacoctenus gilli,dusky blenny,1,8,10,,,0.439,2.6477,labrisomid blennies,0,,1,,1,0,,0,,Ornamental,1,0.0000439,2.6477,I ,,,,Cervigon (1994),Venezuela,Malacoctenus versicolor,
418,MAL AURO,Malacoctenus aurolineatus,goldline blenny,1,6,10,,,0.439,2.6477,labrisomid blennies,0,,1,,1,0,,0,,Ornamental,1,0.0000439,2.6477,I ,,,,Cervigon (1994),Venezuela,Malacoctenus versicolor,Relative Contribution of Food Categories to Diet unclear in FB
61,PAR NIGR,Paraclinus nigripinnis,blackfin blenny,1,5,5,,,0.13,3.249,labrisomid blennies,0,,1,,1,0,,0,,Ornamental,1,0.0000103,3.0249,,,,,,,,
60,PAR MARN,Paraclinus marmoratus,marbled blenny,1,5,5,,,0.13,3.249,labrisomid blennies,0,,1,,1,0,,0,,Ornamental,1,0.0000103,3.0249,,,,,,,,
28,LAB GOBI,Labrisomus gobio,palehead blenny,1,6,10,,,0.6,3.181,labrisomid blennies,0,,1,,1,0,,0,,Ornamental,1,0.000006,3.181,,,,,,,,
415,LAB BUCC,Labrisomus bucciferus,puffcheek blenny,1,6,10,,,0.6,3.181,labrisomid blennies,0,,1,,1,0,,0,,Ornamental,1,0.000006,3.181,,,,,,,,
750,OPI SPE.,Opistognathus sp.,jawfish species,3,20,15,,,,,jawfishes,0,,,,0,0,,0,,Ornamental,1,,,,,,,,,,
702,SER SPE.,Serranus species,Seabass species,20,80,10,,,0.341,2.879,jacks,0,,,,0,0,,0,,,0,0.0000341,2.879,P,100,,,Randall (1967),Puerto Rico/USVI,Serranus tabacarius,
738,CAR SPE.,Caranx sp.,jack species,1,100,100,,,0.248,2.9499,jacks,0,,,,0,0,,0,,,0,0.0000248,2.9499,,,,,,,,
703,JEN SPE.,Jenkinsia sp.,herring species,1,10,1000,,,0.216,3.62,herrings,0,,,,0,0,,0,,,0,0.000000216,3.62,,,,,,,,
706,HAE SPE.,Haemulon sp.,grunt species,3,40,250,,,0.241,2.951,grunts,0,,,,0,0,,0,,,0,0.0000241,2.951,,,,,,,,
86,OXY STIG,Oxyurichthys stigmalophius,spotfin goby,1,16,5,,,0.133,2.9554,gobies,0,,1,,1,0,,0,,Ornamental,1,0.0000133,2.9554,I,78,P,22,Randall (1967),Puerto Rico/USVI,no,
246,PRI HIPO,Priolepis hipoliti,rusty goby,1,4,5,,,0.23,2.9226,gobies,0,,1,,1,0,,0,,Ornamental,1,0.0000203,2.9226,I,,,,Lieske & Myers (1994),Caribbean,no,"Ref- indo-pac, Carib, Red Sea; food items ref, zoobenthos (3.5 + 0.5)"
78,ELA EVEL,Elacatinus evelynae,sharknose goby,1,5,5,,,0.584,3.137,gobies,0,,1,,1,0,,0,,Ornamental,1,0.00000584,3.137,I,,,,Arl & Côte (2000),Barbados ,no,"food items ref, zoobenthos (3.4 + 0.4)"
80,ELA OCEA,Elacatinus oceanops,neon goby,1,5,20,,,0.584,3.137,gobies,0,,1,,1,0,,0,,Ornamental,1,0.00000584,3.137,I ,,,,Opitz (1996),Caribbean,no,"food items ref, zoobenthos (2.4 + 0.5)"
85,MIC MICR,Microgobius microlepis,banner goby,1,5,5,,,0.79,3,gobies,0,,1,,1,0,,0,,Ornamental,1,0.0000079,3,,,,,,,,
705,GOB SPE.,goby species,goby species,1,5,5,,,0.145,2.987,gobies,0,,,,0,0,,0,,Ornamental,1,0.0000145,2.987,,,,,,,,
265,ELA XANT,Elacatinus xanthiprora,yellowprow goby,1,4,5,,,0.584,3.137,gobies,0,,1,,1,0,,0,,Ornamental,1,0.00000584,3.137,,,,,,,,
412,ELA SAUC,Elacatinus saucrum,leopard goby,1,5,5,,,0.584,3.137,gobies,0,,1,,1,0,,0,,Ornamental,1,0.00000584,3.137,,,,,,,,
79,ELA MACR,Elacatinus macrodon,tiger goby,1,5,5,,,0.584,3.137,gobies,0,,1,,1,0,,0,,Ornamental,1,0.00000584,3.137,,,,,,,,
389,ELA HORS,Elacatinus horsti,yellowline goby,1,5,5,,,0.584,3.137,gobies,0,,1,,1,0,,0,,Ornamental,1,0.00000584,3.137,,,,,,,,
704,COR SPE.,Coryphopterus sp.,goby species,1,5,50,,,0.145,2.987,gobies,0,,,,0,0,,0,,Ornamental,1,0.0000145,2.987,,,,,,,,
338,COR PUNC,Coryphopterus punctipectophorus,spotted goby,1,5,5,,,0.145,2.987,gobies,0,,1,,1,0,,0,,Ornamental,1,0.0000145,2.987,,,,,,,,
75,COR PERS,Coryphopterus personatus,masked goby,1,4,500,,,0.145,2.987,gobies,0,,,,0,0,,0,,Ornamental,1,0.0000145,2.987,,,,,,,,
735,ALU SPE.,Aluterus sp.,filefish species,1,60,5,,,0.691,2.9867,filefishes,0,,,,0,0,,0,,Ornamental,0,0.00000691,2.9867,,,,,,,,
757,STE SPE.,damselfish species,damselfish species,2,13,10,,,,,damselfishes,0,,,,0,0,,0,,Ornamental,1,,,,,,,,,,
417,HET LONG,Heteroconger longissimus,brown garden eel,5,50,100,,,0.339,3.248,conger eels,0,,1,,1,1,,0,,,1,0.000000339,3.248,PL,73.2,I,26.8,Randall (1967),Puerto Rico/USVI,no,plankton is zooplankton
701,BLE SPE.,blenny species,blenny species,1,10,50,,,0.145,2.987,combtooth blennies,0,,,,0,0,,0,,Ornamental,1,0.0000145,2.987,,,,,,,,
736,AST SPE.,Astrapogon sp.,cardinalfish species,1,12,5,,,0.142,3.77,cardinalfishes,0,,,,0,0,,0,,Ornamental,1,0.0000142,3.077,,,,,,,,
802,GYM SPE.,Gymnothorax species,moray eel Gymnothorax,20,120,5,,,,,,0,,1,,1,0,,0,,Ornamental,0,,,P,61.5,I,36.5,Randall (1967),Puerto Rico/USVI,Gymnothorax vicinus,
832,STR SPE.,Stromateidae species,butterfish species,1,30,30,,,,,,0,,,,0,0,,0,,,1,,,I,80.8,O,19.1,Bowman et al. (2000),Atlantic ,Peprilus triacanthus ,
806,LAC SPE.,Lactophrys species,trunkfish species,2,50,5,,,,,,0,,,,0,0,,0,,Ornamental,0,,,I,89.7,O,8.2,Randall (1967),Puerto Rico/USVI,Lactophrys triqueter,
785,CON TRIP,Conger triporiceps,manytooth conger,10,30,10,,,,,,0,,1,,1,1,,0,,Ornamental,1,,,P,97,O,3,Bowman et al. (2000),Atlantic ,Conger oceanicus ,
764,HAL SPE.,Halichoeres species,wrasse species,2,40,50,,,,,,0,,,,0,0,,0,,Ornamental,1,,,I,98.7,P,5.3,Randall (1967),Puerto Rico/USVI,Halichoeres bivittatus,
828,SCR SPE.,Scorpaena species,scorpionfish species,5,30,10,,,,,,0,,,,0,0,,0,,,0,,,I,57.8,PL,42.2,Randall (1967),Puerto Rico/USVI,Scorpae plumieri,
790,DIP BIVI,Diplectrum bivittatum,dwarf sand perch,3,25,5,,,,,,0,,1,,1,1,,0,,,1,,,P,96.5,PL,1.5,Bowman et al. (2000),Atlantic ,Diplectrum formosum,
834,SYN DAWS,Syngnathus dawsoni,dashback goby,1,5,10,,,,,,0,,1,,1,0,,0,,Ornamental,1,,,I,100,,,Bennett (1989),Atlantic ,Syngthus acus ,
833,SYA SPE.,Syacium species,sand flounder species,10,45,5,,,,,,0,,,,0,0,,0,,,0,,,I,,,,Keith (2000) ,Atlantic ,Syacium gunteri ,
814,OPH OPHI,Ophichthus ophis,spotted snake eel,20,100,5,,,,,,0,,1,,1,1,,0,,,0,,,I,100,,,Randall (1967),Puerto Rico/USVI,no,
815,OPH SPE.,Ophichthidae species,snake eel species,20,100,5,,,,,,0,,,,0,0,,0,,,0,,,I,100,,,Randall (1967),Puerto Rico/USVI,Myrichthys breviceps,
812,MYR SPE.,Myrichthys species,snake eel Myrichthys,40,100,2,,,,,,0,,1,,1,1,,0,,,0,,,I,100,,,Randall (1967),Puerto Rico/USVI,Myrichthys breviceps,
798,ENN SPE.,Enneanectes species,triplefin species,1,5,10,,,,,,0,,,,0,0,,0,,,0,,,I,,,,Allen et al. (1994),Pacific ,Enneanectes carmilis,
795,ELA PROC,Elacatinus prochilos,broadstripe goby,1,5,5,,,,,,0,,1,,1,0,,0,,Ornamental,1,,,I,,,,Arl & Côte (2000),Barbados ,Elacatinus evelye, Relative Contribution of Food Categories to Diet unclear in FB
794,ELA MULT,Elacatinus multifasciatus,greenbanded goby,1,5,5,,,,,,0,,1,,1,0,,0,,Ornamental,1,,,I,,,,Arl & Côte (2000),Barbados ,Elacatinus evelye,
793,ELA LOUI,Elacatinus louisae,spotlight goby,1,5,5,,,,,,0,,1,,1,0,,0,,Ornamental,1,,,I,,,,Arl & Côte (2000),Barbados ,Elacatinus evelye,
792,ELA CHAN,Elacatinus chancei,shortstripe goby,1,5,5,,,,,,0,,1,,1,0,,0,,Ornamental,1,,,I,,,,Arl & Côte (2000),Barbados ,Elacatinus evelye,
784,CHA SPE.,Chaenopsis species,pikeblenny species,2,12,5,,,,,,0,,,,0,0,,0,,Ornamental,1,,,I,,,,Bohlke & Chaplin (1993),Bahamas,Chaenopsis limbaughi,
783,CHA OCLL,Chaenopsis ocellata,bluethroat pikeblenny,2,12,5,,,,,,0,,1,,1,0,,0,,Ornamental,1,,,I,,,,Bohlke & Chaplin (1993),Bahamas,Chaenopsis limbaughi,
772,ACE DEND,Acentronura dendritica,pipehorse,1,8,5,,,,,,0,,1,,1,0,,0,,,1,,,I,,,,Masuda et al. (1993),Pacific ,Acentronura gracilissima   ,
808,MAL BOEH,Malacoctenus boehlkei,diamond blenny,1,6,10,,,,,,0,,1,,1,0,,0,,Ornamental,1,,,I ,,,,Cervigon (1994),Venezuela,Malacoctenus versicolor,
804,HIP SPE.,Hippocampus species,seahorse/pipefish species,1,8,2,,,,,,0,,,,0,0,,0,,Ornamental,1,,,I ,,,,Masuda et al. (1993),Pacific ,Hippocampus histrix,
330,HIP REID,Hippocampus reidi,longsnout seahorse,5,15,1,,,,,,0,,1,,1,0,,0,,Ornamental,1,,,I ,,,,Masuda et al. (1993),Pacific ,Hippocampus histrix,
777,BAT SOPO,Bathygobious soporator,frillfin goby,1,5,5,,,,,,0,,1,,1,0,,0,,Ornamental,1,,,I ,,,,Alfred-Ockiya (2000),Atlantic ,no,
836,TRI SPE.,Triglidae species,sea robin species,10,30,5,,,,,,0,,,,0,0,,0,,,0,,,PL,,,,Schmitter-Soto et al. (1996),Pacific ,Bellator gymnostethus,
762,EMP SPE.,Emblemariopsis species,tube blenny Emblemariopsis,1,5,5,,,,,,0,,1,,1,0,,0,,Ornamental,1,,,PL,,,,Cervigon (1994),Atlantic ,Emblemariopsis randalli,
796,EMB SPE.,Emblemaria species,tube blenny Emblemaria,1,5,5,,,,,,0,,1,,1,0,,0,,Ornamental,1,,,PL,,,,Pattengill et al. (1997),Atlantic,Emblemaria pandionis,diet taken from food items - not diet
413,ACA SPIN,Acanthemblemaria spinosa,spinyhead blenny,1,5,5,,,0.84,2.962,,0,,1,,1,0,,0,,Ornamental,1,0.0000084,2.962,PL,,,,Bohlke & Chaplin (1993),Bahamas,Acanthemblemaria aspera,
773,ACN SPE.,Acanthemblemaria species,tube blenny Acanthemblemaria,1,5,5,,,,,,0,,1,,1,0,,0,,Ornamental,1,,,PL,,,,Bohlke & Chaplin (1993),Bahamas,Acanthemblemaria aspera,"food items ref, zoobenthos (3.1 + 0.3), realtive contribution of Food Categories to Diet unclear in FB"
788,COS ELUC,Cosmocampus elucens,shortfin pipefish,1,12,5,,,,,,0,,1,,1,0,,0,,,1,,,PL ,,,,Moreira et al. (1992),Atlantic ,Syngathus abaster ,
700,UNK SPE.,unknown species,unknown species,1,100,1000,,,,,,0,,,,0,0,,0,,,0,,,,,,,,,,
752,SYG SPE.,Syngnathus sp.,pipefish species,2,8,5,,,,,,0,,,,0,0,,0,,,1,,,,,,,,,,
299,SYN SCOV,Syngnathus scovelli,gulf pipefish,5,15,2,,,,,,0,,1,,1,0,,0,,,1,,,,,,,,,,
717,ELA SPE.,shark species,shark species,100,250,3,,,,,,0,,,,0,0,,0,,,1,,,,,,,,,,
819,Other3,Other3,new species 3,1,100,1000,,,,,,0,,,,0,0,,0,,,0,,,,,,,,,,
818,Other2,Other2,new species 2,1,100,1000,,,,,,0,,,,0,0,,0,,,0,,,,,,,,,,
817,Other1,Other1,new species 1,1,100,1000,,,,,,0,,,,0,0,,0,,,0,,,,,,,,,,
813,NO FISH,no observed fishes,no observed fishes,1,100,100,,,,,,0,,,,0,0,,0,,,0,,,,,,,,,,
714,BEL SPE.,needlefish species,needlefish species,5,61,25,,,,,,0,,,,0,0,,0,,,0,,,,,,,,,,
844,MYC SPE.,Mycteroperca species,grouper species,30,90,5,,,,,,0,,,,0,0,,0,,,0,,,,,,,,,,
843,MUR SPE.,Muraenidae species,moray species,20,100,5,,,,,,0,,,,0,0,,0,,Ornamental,0,,,,,,,,,,
842,MON SPE.,Mocanthus species,filefish species,1,20,5,,,,,,0,,,,0,0,,0,,Ornamental,1,,,,,,,,,,
748,MEN SPE.,Menidia sp.,silverside species,3,15,500,,,,,,0,,,,0,0,,0,,,0,,,,,,,,,,
841,MAL SPE.,Malacoctenus species,blenny species,1,6,10,,,,,,0,,,,0,0,,0,,Ornamental,1,,,,,,,,,,
437,LIO MOWB,Liopropoma mowbrayi,cave basslet,1,13,10,,,,,,0,,1,,1,1,,0,,Ornamental,1,,,,,,,,,,
390,LAB NIGR,Labrisomus nigricinctus,spotcheek blenny,1,6,10,,,0.6,3.181,,0,,1,,1,0,,0,,Ornamental,1,0.000006,3.181,,,,,,,,
425,LAB KALI,Labrisomus kalisherae,downy blenny,1,6,10,,,0.6,3.181,,0,,1,,1,0,,0,,Ornamental,1,0.000006,3.181,,,,,,,,
377,HIP EREC,Hippocampus erectus,lined seahorse,5,15,1,,,,,,0,,1,,1,0,,0,,Ornamental,1,,,,,,,,,,
763,GER SPE.,Gerres sp.,mojarra species,5,20,50,,,,,,0,,,,0,0,,0,,,0,,,,,,,,,,
845,EMB DIAP,Emblemariopsis diapha,glass blenny,1,7,5,,,,,,0,,1,,1,0,,0,,Ornamental,1,,,,,,,,,,
233,ELA RAND,Elacatinus randalli,yellownose goby,1,5,5,,,0.584,3.137,,0,,1,,1,0,,0,,Ornamental,1,0.00000584,3.137,,,,,,,,
423,ELA DILE,Elacatinus dilepis,orangeside gody,1,6,5,,,0.145,2.987,,0,,1,,1,0,,0,,,1,,,,,,,,,,
760,SCI SPE.,drum species,drum species,10,30,5,,,,,,0,,,,0,0,,0,,,1,,,,,,,,,,
759,DEC SPE.,Decapterus sp.,scad species,5,30,100,,,,,,0,,,,0,0,,0,,,0,,,,,,,,,,
787,COR VENE,Coryphopterus venezuelae,sand-canyon goby,1,5,5,,,,,,0,,1,,1,0,,0,,Ornamental,1,,,,,,,,,,
786,COR TORT,Coryphopterus tortugae,patch-reef goby,1,5,5,,,,,,0,,1,,1,0,,0,,Ornamental,1,,,,,,,,,,
840,CLU SPE.,Clupeidae species,herring species,1,10,1000,,,,,,0,,,,0,0,,0,,,0,,,,,,,,,,
839,ATH SPE.,Atherinomorus species,silverside species,1,10,1000,,,,,,0,,,,0,0,,0,,,0,,,,,,,,,,
838,APO SPE.,Apogon species,cardinalfish species,1,12,5,,,,,,0,,,,0,0,,0,,Ornamental,0,,,,,,,,,,
,,,,,,,,,,,,,,,,,,,,,,,,,,,,,,,,
,,,,,,,,,,,,,,,,,,,,,,,,,,,,,,,,
,,,,,,,,,,,,,,,,,,,,,,,,,,,,,,,,
,,,,,,,,,,,,,,,,,,,,,,,,,,,,,,,,
,,,,,,,,,,,,,,,,,,,,,,,,,,,,,,,,
,,,,,,,,,,,,,,,,,,,,,,,,,,,,,,,,
,,,,,,,,,,,,,,,,,,,,,,,,,,,,,,,,
,,,,,,,,,,,,,,,,,,,,,,,,,,,,,,,,
,,,,,,,,,,,,,,,,,,,,,,,,,,,,,,,,
,,,,,,,,,,,,,,,,,,,,,,,,,,,,,,,,
,,,,,,,,,,,,,,,,,,,,,,,,,,,,,,,,
,,,,,,,,,,,,,,,,,,,,,,,,,,,,,,,,
,,,,,,,,,,,,,,,,,,,,,,,,,,,,,,,,
,,,,,,,,,,,,,,,,,,,,,,,,,,,,,,,,
,,,,,,,,,,,,,,,,,,,,,,,,,,,,,,,,
,,,,,,,,,,,,,,,,,,,,,,,,,,,,,,,,
,,,,,,,,,,,,,,,,,,,,,,,,,,,,,,,,
,,,,,,,,,,,,,,,,,,,,,,,,,,,,,,,,
,,,,,,,,,,,,,,,,,,,,,,,,,,,,,,,,
,,,,,,,,,,,,,,,,,,,,,,,,,,,,,,,,
,,,,,,,,,,,,,,,,,,,,,,,,,,,,,,,,
,,,,,,,,,,,,,,,,,,,,,,,,,,,,,,,,
,,,,,,,,,,,,,,,,,,,,,,,,,,,,,,,,
,,,,,,,,,,,,,,,,,,,,,,,,,,,,,,,,
,,,,,,,,,,,,,,,,,,,,,,,,,,,,,,,,
,,,,,,,,,,,,,,,,,,,,,,,,,,,,,,,,
,,,,,,,,,,,,,,,,,,,,,,,,,,,,,,,,
,,,,,,,,,,,,,,,,,,,,,,,,,,,,,,,,
,,,,,,,,,,,,,,,,,,,,,,,,,,,,,,,,
,,,,,,,,,,,,,,,,,,,,,,,,,,,,,,,,
,,,,,,,,,,,,,,,,,,,,,,,,,,,,,,,,
,,,,,,,,,,,,,,,,,,,,,,,,,,,,,,,,
,,,,,,,,,,,,,,,,,,,,,,,,,,,,,,,,
,,,,,,,,,,,,,,,,,,,,,,,,,,,,,,,,
,,,,,,,,,,,,,,,,,,,,,,,,,,,,,,,,
,,,,,,,,,,,,,,,,,,,,,,,,,,,,,,,,
,,,,,,,,,,,,,,,,,,,,,,,,,,,,,,,,
,,,,,,,,,,,,,,,,,,,,,,,,,,,,,,,,
,,,,,,,,,,,,,,,,,,,,,,,,,,,,,,,,
,,,,,,,,,,,,,,,,,,,,,,,,,,,,,,,,
,,,,,,,,,,,,,,,,,,,,,,,,,,,,,,,,
,,,,,,,,,,,,,,,,,,,,,,,,,,,,,,,,
,,,,,,,,,,,,,,,,,,,,,,,,,,,,,,,,
,,,,,,,,,,,,,,,,,,,,,,,,,,,,,,,,
,,,,,,,,,,,,,,,,,,,,,,,,,,,,,,,,
,,,,,,,,,,,,,,,,,,,,,,,,,,,,,,,,
,,,,,,,,,,,,,,,,,,,,,,,,,,,,,,,,
,,,,,,,,,,,,,,,,,,,,,,,,,,,,,,,,
,,,,,,,,,,,,,,,,,,,,,,,,,,,,,,,,
,,,,,,,,,,,,,,,,,,,,,,,,,,,,,,,,
,,,,,,,,,,,,,,,,,,,,,,,,,,,,,,,,
,,,,,,,,,,,,,,,,,,,,,,,,,,,,,,,,
,,,,,,,,,,,,,,,,,,,,,,,,,,,,,,,,
,,,,,,,,,,,,,,,,,,,,,,,,,,,,,,,,
,,,,,,,,,,,,,,,,,,,,,,,,,,,,,,,,
,,,,,,,,,,,,,,,,,,,,,,,,,,,,,,,,
,,,,,,,,,,,,,,,,,,,,,,,,,,,,,,,,
,,,,,,,,,,,,,,,,,,,,,,,,,,,,,,,,
,,,,,,,,,,,,,,,,,,,,,,,,,,,,,,,,
,,,,,,,,,,,,,,,,,,,,,,,,,,,,,,,,
,,,,,,,,,,,,,,,,,,,,,,,,,,,,,,,,
,,,,,,,,,,,,,,,,,,,,,,,,,,,,,,,,
,,,,,,,,,,,,,,,,,,,,,,,,,,,,,,,,
,,,,,,,,,,,,,,,,,,,,,,,,,,,,,,,,
,,,,,,,,,,,,,,,,,,,,,,,,,,,,,,,,
,,,,,,,,,,,,,,,,,,,,,,,,,,,,,,,,
,,,,,,,,,,,,,,,,,,,,,,,,,,,,,,,,
,,,,,,,,,,,,,,,,,,,,,,,,,,,,,,,,
,,,,,,,,,,,,,,,,,,,,,,,,,,,,,,,,
,,,,,,,,,,,,,,,,,,,,,,,,,,,,,,,,
,,,,,,,,,,,,,,,,,,,,,,,,,,,,,,,,
,,,,,,,,,,,,,,,,,,,,,,,,,,,,,,,,
,,,,,,,,,,,,,,,,,,,,,,,,,,,,,,,,
,,,,,,,,,,,,,,,,,,,,,,,,,,,,,,,,
,,,,,,,,,,,,,,,,,,,,,,,,,,,,,,,,
,,,,,,,,,,,,,,,,,,,,,,,,,,,,,,,,
,,,,,,,,,,,,,,,,,,,,,,,,,,,,,,,,
,,,,,,,,,,,,,,,,,,,,,,,,,,,,,,,,
,,,,,,,,,,,,,,,,,,,,,,,,,,,,,,,,
,,,,,,,,,,,,,,,,,,,,,,,,,,,,,,,,
,,,,,,,,,,,,,,,,,,,,,,,,,,,,,,,,
,,,,,,,,,,,,,,,,,,,,,,,,,,,,,,,,
,,,,,,,,,,,,,,,,,,,,,,,,,,,,,,,,
,,,,,,,,,,,,,,,,,,,,,,,,,,,,,,,,
,,,,,,,,,,,,,,,,,,,,,,,,,,,,,,,,
,,,,,,,,,,,,,,,,,,,,,,,,,,,,,,,,
,,,,,,,,,,,,,,,,,,,,,,,,,,,,,,,,
,,,,,,,,,,,,,,,,,,,,,,,,,,,,,,,,
,,,,,,,,,,,,,,,,,,,,,,,,,,,,,,,,
,,,,,,,,,,,,,,,,,,,,,,,,,,,,,,,,
,,,,,,,,,,,,,,,,,,,,,,,,,,,,,,,,
,,,,,,,,,,,,,,,,,,,,,,,,,,,,,,,,
,,,,,,,,,,,,,,,,,,,,,,,,,,,,,,,,
,,,,,,,,,,,,,,,,,,,,,,,,,,,,,,,,
,,,,,,,,,,,,,,,,,,,,,,,,,,,,,,,,
,,,,,,,,,,,,,,,,,,,,,,,,,,,,,,,,
,,,,,,,,,,,,,,,,,,,,,,,,,,,,,,,,
,,,,,,,,,,,,,,,,,,,,,,,,,,,,,,,,
,,,,,,,,,,,,,,,,,,,,,,,,,,,,,,,,
,,,,,,,,,,,,,,,,,,,,,,,,,,,,,,,,
,,,,,,,,,,,,,,,,,,,,,,,,,,,,,,,,
,,,,,,,,,,,,,,,,,,,,,,,,,,,,,,,,
,,,,,,,,,,,,,,,,,,,,,,,,,,,,,,,,
,,,,,,,,,,,,,,,,,,,,,,,,,,,,,,,,
,,,,,,,,,,,,,,,,,,,,,,,,,,,,,,,,
,,,,,,,,,,,,,,,,,,,,,,,,,,,,,,,,
,,,,,,,,,,,,,,,,,,,,,,,,,,,,,,,,
,,,,,,,,,,,,,,,,,,,,,,,,,,,,,,,,
,,,,,,,,,,,,,,,,,,,,,,,,,,,,,,,,
,,,,,,,,,,,,,,,,,,,,,,,,,,,,,,,,
,,,,,,,,,,,,,,,,,,,,,,,,,,,,,,,,
,,,,,,,,,,,,,,,,,,,,,,,,,,,,,,,,
,,,,,,,,,,,,,,,,,,,,,,,,,,,,,,,,
,,,,,,,,,,,,,,,,,,,,,,,,,,,,,,,,
,,,,,,,,,,,,,,,,,,,,,,,,,,,,,,,,
,,,,,,,,,,,,,,,,,,,,,,,,,,,,,,,,
,,,,,,,,,,,,,,,,,,,,,,,,,,,,,,,,
,,,,,,,,,,,,,,,,,,,,,,,,,,,,,,,,
,,,,,,,,,,,,,,,,,,,,,,,,,,,,,,,,
,,,,,,,,,,,,,,,,,,,,,,,,,,,,,,,,
,,,,,,,,,,,,,,,,,,,,,,,,,,,,,,,,
,,,,,,,,,,,,,,,,,,,,,,,,,,,,,,,,
,,,,,,,,,,,,,,,,,,,,,,,,,,,,,,,,
,,,,,,,,,,,,,,,,,,,,,,,,,,,,,,,,
,,,,,,,,,,,,,,,,,,,,,,,,,,,,,,,,
,,,,,,,,,,,,,,,,,,,,,,,,,,,,,,,,
,,,,,,,,,,,,,,,,,,,,,,,,,,,,,,,,
,,,,,,,,,,,,,,,,,,,,,,,,,,,,,,,,
,,,,,,,,,,,,,,,,,,,,,,,,,,,,,,,,
,,,,,,,,,,,,,,,,,,,,,,,,,,,,,,,,
,,,,,,,,,,,,,,,,,,,,,,,,,,,,,,,,
,,,,,,,,,,,,,,,,,,,,,,,,,,,,,,,,
,,,,,,,,,,,,,,,,,,,,,,,,,,,,,,,,
,,,,,,,,,,,,,,,,,,,,,,,,,,,,,,,,
,,,,,,,,,,,,,,,,,,,,,,,,,,,,,,,,
,,,,,,,,,,,,,,,,,,,,,,,,,,,,,,,,
,,,,,,,,,,,,,,,,,,,,,,,,,,,,,,,,
,,,,,,,,,,,,,,,,,,,,,,,,,,,,,,,,
,,,,,,,,,,,,,,,,,,,,,,,,,,,,,,,,
,,,,,,,,,,,,,,,,,,,,,,,,,,,,,,,,
,,,,,,,,,,,,,,,,,,,,,,,,,,,,,,,,
,,,,,,,,,,,,,,,,,,,,,,,,,,,,,,,,
,,,,,,,,,,,,,,,,,,,,,,,,,,,,,,,,
,,,,,,,,,,,,,,,,,,,,,,,,,,,,,,,,
,,,,,,,,,,,,,,,,,,,,,,,,,,,,,,,,
,,,,,,,,,,,,,,,,,,,,,,,,,,,,,,,,
,,,,,,,,,,,,,,,,,,,,,,,,,,,,,,,,
,,,,,,,,,,,,,,,,,,,,,,,,,,,,,,,,
,,,,,,,,,,,,,,,,,,,,,,,,,,,,,,,,
,,,,,,,,,,,,,,,,,,,,,,,,,,,,,,,,
,,,,,,,,,,,,,,,,,,,,,,,,,,,,,,,,
,,,,,,,,,,,,,,,,,,,,,,,,,,,,,,,,
,,,,,,,,,,,,,,,,,,,,,,,,,,,,,,,,
,,,,,,,,,,,,,,,,,,,,,,,,,,,,,,,,
,,,,,,,,,,,,,,,,,,,,,,,,,,,,,,,,
,,,,,,,,,,,,,,,,,,,,,,,,,,,,,,,,
,,,,,,,,,,,,,,,,,,,,,,,,,,,,,,,,
,,,,,,,,,,,,,,,,,,,,,,,,,,,,,,,,
,,,,,,,,,,,,,,,,,,,,,,,,,,,,,,,,
,,,,,,,,,,,,,,,,,,,,,,,,,,,,,,,,
,,,,,,,,,,,,,,,,,,,,,,,,,,,,,,,,
,,,,,,,,,,,,,,,,,,,,,,,,,,,,,,,,
,,,,,,,,,,,,,,,,,,,,,,,,,,,,,,,,
,,,,,,,,,,,,,,,,,,,,,,,,,,,,,,,,
,,,,,,,,,,,,,,,,,,,,,,,,,,,,,,,,
,,,,,,,,,,,,,,,,,,,,,,,,,,,,,,,,
,,,,,,,,,,,,,,,,,,,,,,,,,,,,,,,,
,,,,,,,,,,,,,,,,,,,,,,,,,,,,,,,,
,,,,,,,,,,,,,,,,,,,,,,,,,,,,,,,,
,,,,,,,,,,,,,,,,,,,,,,,,,,,,,,,,
,,,,,,,,,,,,,,,,,,,,,,,,,,,,,,,,
,,,,,,,,,,,,,,,,,,,,,,,,,,,,,,,,
,,,,,,,,,,,,,,,,,,,,,,,,,,,,,,,,
,,,,,,,,,,,,,,,,,,,,,,,,,,,,,,,,
,,,,,,,,,,,,,,,,,,,,,,,,,,,,,,,,
,,,,,,,,,,,,,,,,,,,,,,,,,,,,,,,,
,,,,,,,,,,,,,,,,,,,,,,,,,,,,,,,,
,,,,,,,,,,,,,,,,,,,,,,,,,,,,,,,,
,,,,,,,,,,,,,,,,,,,,,,,,,,,,,,,,
,,,,,,,,,,,,,,,,,,,,,,,,,,,,,,,,
,,,,,,,,,,,,,,,,,,,,,,,,,,,,,,,,
,,,,,,,,,,,,,,,,,,,,,,,,,,,,,,,,
,,,,,,,,,,,,,,,,,,,,,,,,,,,,,,,,
,,,,,,,,,,,,,,,,,,,,,,,,,,,,,,,,
,,,,,,,,,,,,,,,,,,,,,,,,,,,,,,,,
,,,,,,,,,,,,,,,,,,,,,,,,,,,,,,,,
,,,,,,,,,,,,,,,,,,,,,,,,,,,,,,,,
,,,,,,,,,,,,,,,,,,,,,,,,,,,,,,,,
,,,,,,,,,,,,,,,,,,,,,,,,,,,,,,,,
,,,,,,,,,,,,,,,,,,,,,,,,,,,,,,,,
,,,,,,,,,,,,,,,,,,,,,,,,,,,,,,,,
,,,,,,,,,,,,,,,,,,,,,,,,,,,,,,,,
,,,,,,,,,,,,,,,,,,,,,,,,,,,,,,,,
,,,,,,,,,,,,,,,,,,,,,,,,,,,,,,,,
,,,,,,,,,,,,,,,,,,,,,,,,,,,,,,,,
,,,,,,,,,,,,,,,,,,,,,,,,,,,,,,,,
,,,,,,,,,,,,,,,,,,,,,,,,,,,,,,,,
,,,,,,,,,,,,,,,,,,,,,,,,,,,,,,,,
,,,,,,,,,,,,,,,,,,,,,,,,,,,,,,,,
,,,,,,,,,,,,,,,,,,,,,,,,,,,,,,,,
,,,,,,,,,,,,,,,,,,,,,,,,,,,,,,,,
,,,,,,,,,,,,,,,,,,,,,,,,,,,,,,,,
,,,,,,,,,,,,,,,,,,,,,,,,,,,,,,,,
,,,,,,,,,,,,,,,,,,,,,,,,,,,,,,,,
,,,,,,,,,,,,,,,,,,,,,,,,,,,,,,,,
,,,,,,,,,,,,,,,,,,,,,,,,,,,,,,,,
,,,,,,,,,,,,,,,,,,,,,,,,,,,,,,,,
,,,,,,,,,,,,,,,,,,,,,,,,,,,,,,,,
,,,,,,,,,,,,,,,,,,,,,,,,,,,,,,,,
,,,,,,,,,,,,,,,,,,,,,,,,,,,,,,,,
,,,,,,,,,,,,,,,,,,,,,,,,,,,,,,,,
,,,,,,,,,,,,,,,,,,,,,,,,,,,,,,,,
,,,,,,,,,,,,,,,,,,,,,,,,,,,,,,,,
,,,,,,,,,,,,,,,,,,,,,,,,,,,,,,,,
,,,,,,,,,,,,,,,,,,,,,,,,,,,,,,,,
,,,,,,,,,,,,,,,,,,,,,,,,,,,,,,,,
,,,,,,,,,,,,,,,,,,,,,,,,,,,,,,,,
,,,,,,,,,,,,,,,,,,,,,,,,,,,,,,,,
,,,,,,,,,,,,,,,,,,,,,,,,,,,,,,,,
,,,,,,,,,,,,,,,,,,,,,,,,,,,,,,,,
,,,,,,,,,,,,,,,,,,,,,,,,,,,,,,,,
,,,,,,,,,,,,,,,,,,,,,,,,,,,,,,,,
,,,,,,,,,,,,,,,,,,,,,,,,,,,,,,,,
,,,,,,,,,,,,,,,,,,,,,,,,,,,,,,,,
,,,,,,,,,,,,,,,,,,,,,,,,,,,,,,,,
,,,,,,,,,,,,,,,,,,,,,,,,,,,,,,,,
,,,,,,,,,,,,,,,,,,,,,,,,,,,,,,,,
,,,,,,,,,,,,,,,,,,,,,,,,,,,,,,,,
,,,,,,,,,,,,,,,,,,,,,,,,,,,,,,,,
,,,,,,,,,,,,,,,,,,,,,,,,,,,,,,,,
,,,,,,,,,,,,,,,,,,,,,,,,,,,,,,,,
,,,,,,,,,,,,,,,,,,,,,,,,,,,,,,,,
,,,,,,,,,,,,,,,,,,,,,,,,,,,,,,,,
,,,,,,,,,,,,,,,,,,,,,,,,,,,,,,,,
,,,,,,,,,,,,,,,,,,,,,,,,,,,,,,,,
,,,,,,,,,,,,,,,,,,,,,,,,,,,,,,,,
,,,,,,,,,,,,,,,,,,,,,,,,,,,,,,,,
,,,,,,,,,,,,,,,,,,,,,,,,,,,,,,,,
,,,,,,,,,,,,,,,,,,,,,,,,,,,,,,,,
,,,,,,,,,,,,,,,,,,,,,,,,,,,,,,,,
,,,,,,,,,,,,,,,,,,,,,,,,,,,,,,,,
,,,,,,,,,,,,,,,,,,,,,,,,,,,,,,,,
,,,,,,,,,,,,,,,,,,,,,,,,,,,,,,,,
,,,,,,,,,,,,,,,,,,,,,,,,,,,,,,,,
,,,,,,,,,,,,,,,,,,,,,,,,,,,,,,,,
,,,,,,,,,,,,,,,,,,,,,,,,,,,,,,,,
,,,,,,,,,,,,,,,,,,,,,,,,,,,,,,,,
,,,,,,,,,,,,,,,,,,,,,,,,,,,,,,,,
,,,,,,,,,,,,,,,,,,,,,,,,,,,,,,,,
,,,,,,,,,,,,,,,,,,,,,,,,,,,,,,,,
,,,,,,,,,,,,,,,,,,,,,,,,,,,,,,,,
,,,,,,,,,,,,,,,,,,,,,,,,,,,,,,,,
,,,,,,,,,,,,,,,,,,,,,,,,,,,,,,,,
,,,,,,,,,,,,,,,,,,,,,,,,,,,,,,,,
,,,,,,,,,,,,,,,,,,,,,,,,,,,,,,,,
,,,,,,,,,,,,,,,,,,,,,,,,,,,,,,,,
,,,,,,,,,,,,,,,,,,,,,,,,,,,,,,,,
,,,,,,,,,,,,,,,,,,,,,,,,,,,,,,,,
,,,,,,,,,,,,,,,,,,,,,,,,,,,,,,,,
,,,,,,,,,,,,,,,,,,,,,,,,,,,,,,,,
,,,,,,,,,,,,,,,,,,,,,,,,,,,,,,,,
,,,,,,,,,,,,,,,,,,,,,,,,,,,,,,,,
,,,,,,,,,,,,,,,,,,,,,,,,,,,,,,,,
,,,,,,,,,,,,,,,,,,,,,,,,,,,,,,,,
,,,,,,,,,,,,,,,,,,,,,,,,,,,,,,,,
,,,,,,,,,,,,,,,,,,,,,,,,,,,,,,,,
,,,,,,,,,,,,,,,,,,,,,,,,,,,,,,,,
,,,,,,,,,,,,,,,,,,,,,,,,,,,,,,,,
,,,,,,,,,,,,,,,,,,,,,,,,,,,,,,,,
,,,,,,,,,,,,,,,,,,,,,,,,,,,,,,,,
,,,,,,,,,,,,,,,,,,,,,,,,,,,,,,,,
,,,,,,,,,,,,,,,,,,,,,,,,,,,,,,,,
,,,,,,,,,,,,,,,,,,,,,,,,,,,,,,,,
,,,,,,,,,,,,,,,,,,,,,,,,,,,,,,,,
,,,,,,,,,,,,,,,,,,,,,,,,,,,,,,,,
,,,,,,,,,,,,,,,,,,,,,,,,,,,,,,,,
,,,,,,,,,,,,,,,,,,,,,,,,,,,,,,,,
,,,,,,,,,,,,,,,,,,,,,,,,,,,,,,,,
,,,,,,,,,,,,,,,,,,,,,,,,,,,,,,,,
,,,,,,,,,,,,,,,,,,,,,,,,,,,,,,,,
,,,,,,,,,,,,,,,,,,,,,,,,,,,,,,,,
,,,,,,,,,,,,,,,,,,,,,,,,,,,,,,,,
,,,,,,,,,,,,,,,,,,,,,,,,,,,,,,,,
,,,,,,,,,,,,,,,,,,,,,,,,,,,,,,,,
,,,,,,,,,,,,,,,,,,,,,,,,,,,,,,,,
,,,,,,,,,,,,,,,,,,,,,,,,,,,,,,,,
,,,,,,,,,,,,,,,,,,,,,,,,,,,,,,,,
,,,,,,,,,,,,,,,,,,,,,,,,,,,,,,,,
,,,,,,,,,,,,,,,,,,,,,,,,,,,,,,,,
,,,,,,,,,,,,,,,,,,,,,,,,,,,,,,,,
,,,,,,,,,,,,,,,,,,,,,,,,,,,,,,,,
,,,,,,,,,,,,,,,,,,,,,,,,,,,,,,,,
,,,,,,,,,,,,,,,,,,,,,,,,,,,,,,,,
,,,,,,,,,,,,,,,,,,,,,,,,,,,,,,,,
,,,,,,,,,,,,,,,,,,,,,,,,,,,,,,,,
,,,,,,,,,,,,,,,,,,,,,,,,,,,,,,,,
,,,,,,,,,,,,,,,,,,,,,,,,,,,,,,,,
,,,,,,,,,,,,,,,,,,,,,,,,,,,,,,,,
,,,,,,,,,,,,,,,,,,,,,,,,,,,,,,,,
,,,,,,,,,,,,,,,,,,,,,,,,,,,,,,,,
,,,,,,,,,,,,,,,,,,,,,,,,,,,,,,,,
,,,,,,,,,,,,,,,,,,,,,,,,,,,,,,,,
,,,,,,,,,,,,,,,,,,,,,,,,,,,,,,,,
,,,,,,,,,,,,,,,,,,,,,,,,,,,,,,,,
,,,,,,,,,,,,,,,,,,,,,,,,,,,,,,,,
,,,,,,,,,,,,,,,,,,,,,,,,,,,,,,,,
,,,,,,,,,,,,,,,,,,,,,,,,,,,,,,,,
,,,,,,,,,,,,,,,,,,,,,,,,,,,,,,,,
,,,,,,,,,,,,,,,,,,,,,,,,,,,,,,,,
,,,,,,,,,,,,,,,,,,,,,,,,,,,,,,,,
,,,,,,,,,,,,,,,,,,,,,,,,,,,,,,,,
,,,,,,,,,,,,,,,,,,,,,,,,,,,,,,,,
,,,,,,,,,,,,,,,,,,,,,,,,,,,,,,,,
,,,,,,,,,,,,,,,,,,,,,,,,,,,,,,,,
,,,,,,,,,,,,,,,,,,,,,,,,,,,,,,,,
,,,,,,,,,,,,,,,,,,,,,,,,,,,,,,,,
,,,,,,,,,,,,,,,,,,,,,,,,,,,,,,,,
,,,,,,,,,,,,,,,,,,,,,,,,,,,,,,,,
,,,,,,,,,,,,,,,,,,,,,,,,,,,,,,,,
,,,,,,,,,,,,,,,,,,,,,,,,,,,,,,,,
,,,,,,,,,,,,,,,,,,,,,,,,,,,,,,,,
,,,,,,,,,,,,,,,,,,,,,,,,,,,,,,,,
,,,,,,,,,,,,,,,,,,,,,,,,,,,,,,,,
,,,,,,,,,,,,,,,,,,,,,,,,,,,,,,,,
,,,,,,,,,,,,,,,,,,,,,,,,,,,,,,,,
,,,,,,,,,,,,,,,,,,,,,,,,,,,,,,,,
,,,,,,,,,,,,,,,,,,,,,,,,,,,,,,,,
,,,,,,,,,,,,,,,,,,,,,,,,,,,,,,,,
,,,,,,,,,,,,,,,,,,,,,,,,,,,,,,,,
,,,,,,,,,,,,,,,,,,,,,,,,,,,,,,,,
,,,,,,,,,,,,,,,,,,,,,,,,,,,,,,,,
,,,,,,,,,,,,,,,,,,,,,,,,,,,,,,,,
,,,,,,,,,,,,,,,,,,,,,,,,,,,,,,,,
,,,,,,,,,,,,,,,,,,,,,,,,,,,,,,,,
,,,,,,,,,,,,,,,,,,,,,,,,,,,,,,,,
,,,,,,,,,,,,,,,,,,,,,,,,,,,,,,,,
,,,,,,,,,,,,,,,,,,,,,,,,,,,,,,,,
,,,,,,,,,,,,,,,,,,,,,,,,,,,,,,,,
,,,,,,,,,,,,,,,,,,,,,,,,,,,,,,,,
,,,,,,,,,,,,,,,,,,,,,,,,,,,,,,,,
,,,,,,,,,,,,,,,,,,,,,,,,,,,,,,,,
,,,,,,,,,,,,,,,,,,,,,,,,,,,,,,,,
,,,,,,,,,,,,,,,,,,,,,,,,,,,,,,,,
,,,,,,,,,,,,,,,,,,,,,,,,,,,,,,,,
,,,,,,,,,,,,,,,,,,,,,,,,,,,,,,,,
,,,,,,,,,,,,,,,,,,,,,,,,,,,,,,,,
,,,,,,,,,,,,,,,,,,,,,,,,,,,,,,,,
,,,,,,,,,,,,,,,,,,,,,,,,,,,,,,,,
,,,,,,,,,,,,,,,,,,,,,,,,,,,,,,,,
,,,,,,,,,,,,,,,,,,,,,,,,,,,,,,,,
,,,,,,,,,,,,,,,,,,,,,,,,,,,,,,,,
,,,,,,,,,,,,,,,,,,,,,,,,,,,,,,,,
,,,,,,,,,,,,,,,,,,,,,,,,,,,,,,,,
,,,,,,,,,,,,,,,,,,,,,,,,,,,,,,,,
,,,,,,,,,,,,,,,,,,,,,,,,,,,,,,,,
,,,,,,,,,,,,,,,,,,,,,,,,,,,,,,,,
,,,,,,,,,,,,,,,,,,,,,,,,,,,,,,,,
,,,,,,,,,,,,,,,,,,,,,,,,,,,,,,,,
,,,,,,,,,,,,,,,,,,,,,,,,,,,,,,,,
,,,,,,,,,,,,,,,,,,,,,,,,,,,,,,,,
,,,,,,,,,,,,,,,,,,,,,,,,,,,,,,,,
,,,,,,,,,,,,,,,,,,,,,,,,,,,,,,,,
,,,,,,,,,,,,,,,,,,,,,,,,,,,,,,,,
,,,,,,,,,,,,,,,,,,,,,,,,,,,,,,,,
,,,,,,,,,,,,,,,,,,,,,,,,,,,,,,,,
,,,,,,,,,,,,,,,,,,,,,,,,,,,,,,,,
,,,,,,,,,,,,,,,,,,,,,,,,,,,,,,,,
,,,,,,,,,,,,,,,,,,,,,,,,,,,,,,,,
,,,,,,,,,,,,,,,,,,,,,,,,,,,,,,,,
,,,,,,,,,,,,,,,,,,,,,,,,,,,,,,,,
,,,,,,,,,,,,,,,,,,,,,,,,,,,,,,,,
,,,,,,,,,,,,,,,,,,,,,,,,,,,,,,,,
,,,,,,,,,,,,,,,,,,,,,,,,,,,,,,,,
,,,,,,,,,,,,,,,,,,,,,,,,,,,,,,,,
,,,,,,,,,,,,,,,,,,,,,,,,,,,,,,,,
,,,,,,,,,,,,,,,,,,,,,,,,,,,,,,,,
,,,,,,,,,,,,,,,,,,,,,,,,,,,,,,,,
,,,,,,,,,,,,,,,,,,,,,,,,,,,,,,,,
,,,,,,,,,,,,,,,,,,,,,,,,,,,,,,,,
,,,,,,,,,,,,,,,,,,,,,,,,,,,,,,,,
,,,,,,,,,,,,,,,,,,,,,,,,,,,,,,,,
,,,,,,,,,,,,,,,,,,,,,,,,,,,,,,,,
,,,,,,,,,,,,,,,,,,,,,,,,,,,,,,,,
,,,,,,,,,,,,,,,,,,,,,,,,,,,,,,,,
,,,,,,,,,,,,,,,,,,,,,,,,,,,,,,,,
,,,,,,,,,,,,,,,,,,,,,,,,,,,,,,,,
,,,,,,,,,,,,,,,,,,,,,,,,,,,,,,,,
,,,,,,,,,,,,,,,,,,,,,,,,,,,,,,,,
,,,,,,,,,,,,,,,,,,,,,,,,,,,,,,,,
,,,,,,,,,,,,,,,,,,,,,,,,,,,,,,,,
,,,,,,,,,,,,,,,,,,,,,,,,,,,,,,,,
,,,,,,,,,,,,,,,,,,,,,,,,,,,,,,,,
,,,,,,,,,,,,,,,,,,,,,,,,,,,,,,,,
,,,,,,,,,,,,,,,,,,,,,,,,,,,,,,,,
,,,,,,,,,,,,,,,,,,,,,,,,,,,,,,,,
,,,,,,,,,,,,,,,,,,,,,,,,,,,,,,,,
,,,,,,,,,,,,,,,,,,,,,,,,,,,,,,,,
,,,,,,,,,,,,,,,,,,,,,,,,,,,,,,,,
,,,,,,,,,,,,,,,,,,,,,,,,,,,,,,,,
,,,,,,,,,,,,,,,,,,,,,,,,,,,,,,,,
,,,,,,,,,,,,,,,,,,,,,,,,,,,,,,,,
,,,,,,,,,,,,,,,,,,,,,,,,,,,,,,,,
,,,,,,,,,,,,,,,,,,,,,,,,,,,,,,,,
,,,,,,,,,,,,,,,,,,,,,,,,,,,,,,,,
,,,,,,,,,,,,,,,,,,,,,,,,,,,,,,,,
,,,,,,,,,,,,,,,,,,,,,,,,,,,,,,,,
,,,,,,,,,,,,,,,,,,,,,,,,,,,,,,,,
,,,,,,,,,,,,,,,,,,,,,,,,,,,,,,,,
,,,,,,,,,,,,,,,,,,,,,,,,,,,,,,,,
,,,,,,,,,,,,,,,,,,,,,,,,,,,,,,,,
,,,,,,,,,,,,,,,,,,,,,,,,,,,,,,,,
,,,,,,,,,,,,,,,,,,,,,,,,,,,,,,,,
,,,,,,,,,,,,,,,,,,,,,,,,,,,,,,,,
,,,,,,,,,,,,,,,,,,,,,,,,,,,,,,,,
,,,,,,,,,,,,,,,,,,,,,,,,,,,,,,,,
,,,,,,,,,,,,,,,,,,,,,,,,,,,,,,,,
,,,,,,,,,,,,,,,,,,,,,,,,,,,,,,,,
,,,,,,,,,,,,,,,,,,,,,,,,,,,,,,,,
,,,,,,,,,,,,,,,,,,,,,,,,,,,,,,,,
,,,,,,,,,,,,,,,,,,,,,,,,,,,,,,,,
,,,,,,,,,,,,,,,,,,,,,,,,,,,,,,,,
,,,,,,,,,,,,,,,,,,,,,,,,,,,,,,,,
,,,,,,,,,,,,,,,,,,,,,,,,,,,,,,,,
,,,,,,,,,,,,,,,,,,,,,,,,,,,,,,,,
,,,,,,,,,,,,,,,,,,,,,,,,,,,,,,,,
,,,,,,,,,,,,,,,,,,,,,,,,,,,,,,,,
,,,,,,,,,,,,,,,,,,,,,,,,,,,,,,,,
,,,,,,,,,,,,,,,,,,,,,,,,,,,,,,,,
,,,,,,,,,,,,,,,,,,,,,,,,,,,,,,,,
,,,,,,,,,,,,,,,,,,,,,,,,,,,,,,,,
,,,,,,,,,,,,,,,,,,,,,,,,,,,,,,,,
,,,,,,,,,,,,,,,,,,,,,,,,,,,,,,,,
,,,,,,,,,,,,,,,,,,,,,,,,,,,,,,,,
,,,,,,,,,,,,,,,,,,,,,,,,,,,,,,,,
,,,,,,,,,,,,,,,,,,,,,,,,,,,,,,,,
,,,,,,,,,,,,,,,,,,,,,,,,,,,,,,,,
,,,,,,,,,,,,,,,,,,,,,,,,,,,,,,,,
,,,,,,,,,,,,,,,,,,,,,,,,,,,,,,,,
,,,,,,,,,,,,,,,,,,,,,,,,,,,,,,,,
,,,,,,,,,,,,,,,,,,,,,,,,,,,,,,,,
,,,,,,,,,,,,,,,,,,,,,,,,,,,,,,,,
,,,,,,,,,,,,,,,,,,,,,,,,,,,,,,,,
,,,,,,,,,,,,,,,,,,,,,,,,,,,,,,,,
,,,,,,,,,,,,,,,,,,,,,,,,,,,,,,,,
,,,,,,,,,,,,,,,,,,,,,,,,,,,,,,,,
,,,,,,,,,,,,,,,,,,,,,,,,,,,,,,,,
,,,,,,,,,,,,,,,,,,,,,,,,,,,,,,,,
,,,,,,,,,,,,,,,,,,,,,,,,,,,,,,,,
,,,,,,,,,,,,,,,,,,,,,,,,,,,,,,,,
,,,,,,,,,,,,,,,,,,,,,,,,,,,,,,,,
,,,,,,,,,,,,,,,,,,,,,,,,,,,,,,,,
,,,,,,,,,,,,,,,,,,,,,,,,,,,,,,,,
,,,,,,,,,,,,,,,,,,,,,,,,,,,,,,,,
,,,,,,,,,,,,,,,,,,,,,,,,,,,,,,,,
,,,,,,,,,,,,,,,,,,,,,,,,,,,,,,,,
,,,,,,,,,,,,,,,,,,,,,,,,,,,,,,,,
,,,,,,,,,,,,,,,,,,,,,,,,,,,,,,,,
,,,,,,,,,,,,,,,,,,,,,,,,,,,,,,,,
,,,,,,,,,,,,,,,,,,,,,,,,,,,,,,,,
,,,,,,,,,,,,,,,,,,,,,,,,,,,,,,,,
,,,,,,,,,,,,,,,,,,,,,,,,,,,,,,,,
,,,,,,,,,,,,,,,,,,,,,,,,,,,,,,,,
,,,,,,,,,,,,,,,,,,,,,,,,,,,,,,,,
,,,,,,,,,,,,,,,,,,,,,,,,,,,,,,,,
,,,,,,,,,,,,,,,,,,,,,,,,,,,,,,,,
,,,,,,,,,,,,,,,,,,,,,,,,,,,,,,,,
,,,,,,,,,,,,,,,,,,,,,,,,,,,,,,,,
,,,,,,,,,,,,,,,,,,,,,,,,,,,,,,,,
,,,,,,,,,,,,,,,,,,,,,,,,,,,,,,,,
,,,,,,,,,,,,,,,,,,,,,,,,,,,,,,,,
,,,,,,,,,,,,,,,,,,,,,,,,,,,,,,,,
,,,,,,,,,,,,,,,,,,,,,,,,,,,,,,,,
,,,,,,,,,,,,,,,,,,,,,,,,,,,,,,,,
,,,,,,,,,,,,,,,,,,,,,,,,,,,,,,,,
,,,,,,,,,,,,,,,,,,,,,,,,,,,,,,,,
,,,,,,,,,,,,,,,,,,,,,,,,,,,,,,,,
,,,,,,,,,,,,,,,,,,,,,,,,,,,,,,,,
,,,,,,,,,,,,,,,,,,,,,,,,,,,,,,,,
,,,,,,,,,,,,,,,,,,,,,,,,,,,,,,,,
,,,,,,,,,,,,,,,,,,,,,,,,,,,,,,,,
,,,,,,,,,,,,,,,,,,,,,,,,,,,,,,,,
,,,,,,,,,,,,,,,,,,,,,,,,,,,,,,,,
,,,,,,,,,,,,,,,,,,,,,,,,,,,,,,,,
,,,,,,,,,,,,,,,,,,,,,,,,,,,,,,,,
,,,,,,,,,,,,,,,,,,,,,,,,,,,,,,,,
,,,,,,,,,,,,,,,,,,,,,,,,,,,,,,,,
,,,,,,,,,,,,,,,,,,,,,,,,,,,,,,,,
,,,,,,,,,,,,,,,,,,,,,,,,,,,,,,,,
,,,,,,,,,,,,,,,,,,,,,,,,,,,,,,,,
,,,,,,,,,,,,,,,,,,,,,,,,,,,,,,,,
,,,,,,,,,,,,,,,,,,,,,,,,,,,,,,,,
,,,,,,,,,,,,,,,,,,,,,,,,,,,,,,,,
,,,,,,,,,,,,,,,,,,,,,,,,,,,,,,,,
,,,,,,,,,,,,,,,,,,,,,,,,,,,,,,,,
,,,,,,,,,,,,,,,,,,,,,,,,,,,,,,,,
,,,,,,,,,,,,,,,,,,,,,,,,,,,,,,,,
,,,,,,,,,,,,,,,,,,,,,,,,,,,,,,,,
,,,,,,,,,,,,,,,,,,,,,,,,,,,,,,,,
,,,,,,,,,,,,,,,,,,,,,,,,,,,,,,,,
,,,,,,,,,,,,,,,,,,,,,,,,,,,,,,,,
,,,,,,,,,,,,,,,,,,,,,,,,,,,,,,,,
,,,,,,,,,,,,,,,,,,,,,,,,,,,,,,,,
,,,,,,,,,,,,,,,,,,,,,,,,,,,,,,,,
,,,,,,,,,,,,,,,,,,,,,,,,,,,,,,,,
,,,,,,,,,,,,,,,,,,,,,,,,,,,,,,,,
,,,,,,,,,,,,,,,,,,,,,,,,,,,,,,,,
,,,,,,,,,,,,,,,,,,,,,,,,,,,,,,,,
,,,,,,,,,,,,,,,,,,,,,,,,,,,,,,,,
,,,,,,,,,,,,,,,,,,,,,,,,,,,,,,,,
,,,,,,,,,,,,,,,,,,,,,,,,,,,,,,,,
,,,,,,,,,,,,,,,,,,,,,,,,,,,,,,,,
,,,,,,,,,,,,,,,,,,,,,,,,,,,,,,,,
,,,,,,,,,,,,,,,,,,,,,,,,,,,,,,,,
,,,,,,,,,,,,,,,,,,,,,,,,,,,,,,,,
,,,,,,,,,,,,,,,,,,,,,,,,,,,,,,,,